CH1,CH2,CH3,CH4,CH5,CH6,CH7,CH8
2059,2055,2029,2062,2054,2035,2049,2013
2056,2056,2029,2060,2049,2038,2033,2012
2055,2053,2029,2054,2049,2041,2016,2016
2057,2051,2030,2051,2047,2047,2025,2024
2056,2043,2026,2041,2036,2039,2022,2024
2049,2034,2004,2022,2029,2034,2057,2033
2044,2036,1999,2011,2029,2035,2030,2034
2045,2037,2002,2001,2038,2038,2042,2040
2051,2040,2005,1999,2040,2043,2052,2057
2050,2040,2008,1996,2047,2041,2053,2063
2054,2041,2013,2003,2043,2043,2065,2064
2049,2040,2022,2006,2046,2040,2059,2062
2050,2045,2037,2013,2042,2040,2061,2070
2047,2045,2034,1999,2030,2026,2054,2073
2040,2046,2045,2003,2030,2029,2042,2068
2055,2061,2069,2019,2040,2035,2054,2069
2057,2077,2102,2036,2045,2044,2045,2071
2058,2078,2107,2047,2047,2045,2068,2072
2058,2075,2093,2049,2053,2051,2052,2068
2057,2066,2071,2052,2058,2049,2051,2066
2053,2059,2063,2045,2052,2047,2044,2061
2058,2063,2061,2049,2056,2047,2054,2053
2060,2058,2062,2052,2059,2051,2061,2047
2058,2057,2055,2054,2060,2057,2067,2046
2057,2056,2061,2057,2058,2053,2059,2039
2053,2059,2052,2052,2063,2047,2068,2031
2053,2053,2051,2051,2059,2047,2051,2026
2055,2062,2051,2052,2062,2048,2071,2031
2061,2059,2049,2043,2059,2049,2068,2028
2054,2047,2033,2043,2054,2043,2047,2023
2052,2042,2028,2042,2051,2038,2059,2024
2058,2050,2037,2045,2058,2041,2057,2028
2055,2053,2038,2048,2062,2045,2066,2028
2063,2048,2033,2040,2058,2042,2058,2038
2058,2052,2028,2039,2057,2047,2065,2033
2054,2056,2023,2040,2059,2049,2068,2042
2059,2058,2033,2043,2066,2052,2069,2048
2059,2060,2040,2047,2066,2051,2059,2052
2063,2054,2044,2054,2066,2050,2049,2053
2058,2054,2041,2058,2065,2045,2038,2055
2049,2050,2050,2068,2057,2048,2057,2062
2047,2052,2047,2074,2062,2046,2072,2063
2049,2053,2044,2068,2063,2041,2053,2072
2055,2046,2047,2070,2064,2045,2053,2069
2051,2041,2048,2068,2054,2045,2055,2074
2057,2045,2051,2069,2051,2042,2046,2068
2050,2043,2049,2067,2049,2039,2044,2079
2055,2051,2041,2077,2062,2047,2047,2075
2053,2049,2044,2078,2061,2046,2053,2072
2060,2052,2041,2074,2058,2046,2041,2068
2053,2049,2039,2076,2059,2048,2029,2063
2053,2050,2034,2067,2056,2045,2044,2053
2050,2045,2024,2057,2047,2041,2034,2053
2048,2038,2016,2044,2046,2038,2033,2044
2046,2036,2012,2051,2045,2039,2034,2040
2044,2040,2013,2058,2052,2047,2030,2034
2050,2044,2018,2060,2056,2048,2064,2033
2051,2044,2009,2057,2055,2044,2068,2034
2048,2041,2010,2054,2060,2049,2068,2028
2052,2046,2020,2061,2060,2053,2069,2029
2053,2053,2030,2065,2064,2054,2061,2028
2054,2048,2032,2059,2060,2047,2076,2026
2049,2047,2032,2054,2054,2043,2061,2022
2043,2041,2042,2046,2048,2049,2052,2029
2050,2045,2050,2044,2043,2045,2049,2027
2052,2052,2059,2061,2050,2047,2055,2035
2066,2064,2070,2062,2051,2047,2058,2040
2060,2067,2067,2062,2058,2056,2060,2040
2064,2058,2053,2059,2057,2055,2056,2044
2060,2057,2045,2054,2060,2050,2044,2049
2056,2055,2048,2060,2053,2048,2050,2047
2056,2056,2052,2061,2060,2053,2054,2054
2060,2057,2065,2070,2064,2050,2059,2065
2054,2056,2073,2079,2069,2050,2058,2071
2048,2054,2071,2073,2064,2046,2050,2071
2046,2045,2049,2059,2053,2036,2025,2075
2040,2035,2043,2041,2047,2037,2033,2074
2038,2031,2039,2032,2044,2034,2036,2075
2040,2038,2041,2039,2044,2035,2049,2072
2042,2046,2047,2040,2050,2043,2039,2074
2051,2050,2042,2036,2054,2050,2040,2072
2053,2048,2034,2041,2049,2042,2056,2073
2058,2044,2042,2047,2059,2049,2052,2070
2049,2043,2041,2054,2057,2047,2066,2065
2051,2043,2037,2046,2045,2045,2062,2058
2053,2041,2027,2052,2044,2043,2048,2056
2049,2045,2029,2042,2046,2042,2023,2036
2054,2043,2025,2041,2041,2043,2050,2041
2053,2039,2032,2037,2031,2041,2062,2033
2056,2041,2051,2042,2026,2037,2049,2036
2053,2054,2079,2042,2026,2034,2050,2032
2056,2073,2092,2049,2038,2032,2056,2031
2056,2073,2098,2050,2028,2037,2050,2028
2050,2060,2091,2047,2021,2030,2053,2024
2048,2044,2077,2050,2026,2033,2038,2018
2047,2043,2074,2062,2038,2034,2052,2027
2051,2050,2076,2064,2037,2039,2055,2026
2053,2048,2070,2064,2040,2042,2059,2035
2050,2049,2069,2064,2046,2046,2046,2036
2056,2049,2058,2068,2044,2047,2060,2035
2059,2050,2049,2076,2051,2051,2062,2045
2057,2046,2050,2085,2061,2055,2052,2045
2055,2045,2058,2092,2064,2055,2062,2045
2046,2038,2052,2099,2066,2055,2059,2052
2045,2040,2049,2113,2080,2056,2050,2057
2046,2038,2063,2125,2074,2055,2061,2054
2043,2041,2078,2135,2077,2057,2048,2065
2042,2044,2077,2130,2085,2056,2049,2064
2040,2046,2078,2136,2076,2053,2049,2066
2043,2044,2064,2119,2077,2052,2054,2067
2036,2035,2051,2106,2068,2041,2053,2062
2036,2033,2046,2105,2061,2040,2059,2066
2039,2045,2057,2114,2062,2044,2058,2070
2042,2050,2058,2103,2060,2043,2052,2066
2045,2044,2043,2081,2053,2034,2033,2063
2047,2038,2028,2060,2036,2041,2027,2056
2050,2040,2045,2047,2030,2032,2025,2051
2044,2050,2066,2037,2024,2029,2037,2050
2051,2057,2078,2017,2016,2030,2031,2040
2052,2060,2066,1981,2001,2021,2039,2037
2056,2058,2062,1961,2004,2029,2043,2042
2055,2053,2059,1953,2007,2036,2042,2033
2050,2046,2036,1951,2014,2038,2046,2034
2054,2041,2021,1948,2010,2043,2039,2039
2056,2044,2020,1941,2007,2048,2049,2029
2064,2039,2018,1949,2013,2046,2057,2029
2061,2046,2025,1969,2025,2046,2057,2024
2049,2047,2040,1988,2024,2046,2039,2019
2052,2050,2051,2006,2043,2057,2055,2025
2059,2058,2059,2023,2049,2054,2047,2024
2053,2047,2046,2024,2040,2052,2043,2024
2052,2041,2045,2035,2045,2046,2052,2024
2049,2042,2057,2042,2047,2048,2053,2035
2053,2045,2065,2053,2062,2053,2060,2034
2050,2045,2067,2062,2072,2059,2063,2033
2046,2043,2062,2052,2051,2055,2070,2041
2047,2041,2044,2047,2057,2052,2052,2052
2053,2038,2038,2043,2053,2052,2047,2053
2049,2045,2050,2042,2053,2051,2048,2070
2053,2056,2059,2044,2047,2054,2041,2065
2051,2055,2053,2048,2049,2056,2049,2069
2057,2055,2052,2045,2049,2053,2048,2074
2062,2062,2040,2043,2050,2053,2058,2072
2056,2043,2014,2032,2037,2048,2017,2077
2047,2037,1998,2021,2033,2043,2035,2072
2049,2039,2011,2024,2034,2042,2026,2071
2047,2042,2012,2027,2034,2046,2024,2063
2051,2038,2004,2016,2027,2038,2014,2049
2052,2037,1992,2004,2016,2035,2031,2048
2048,2032,1991,2006,2013,2030,2036,2048
2051,2035,2005,2010,2013,2026,2021,2038
2047,2033,2018,2026,2018,2037,2029,2033
2049,2036,2033,2030,2024,2044,2034,2029
2053,2045,2052,2043,2038,2049,2050,2033
2053,2058,2076,2053,2036,2055,2043,2036
2058,2064,2091,2061,2048,2061,2041,2034
2054,2066,2096,2067,2048,2058,2060,2031
2054,2061,2090,2058,2042,2063,2059,2027
2056,2059,2094,2060,2047,2062,2057,2031
2058,2052,2079,2058,2041,2056,2051,2028
2048,2041,2065,2053,2042,2054,2049,2022
2047,2041,2061,2051,2047,2061,2050,2026
2049,2049,2055,2052,2040,2062,2047,2029
2052,2043,2057,2050,2041,2059,2048,2032
2049,2049,2058,2050,2038,2057,2050,2036
2049,2047,2055,2052,2039,2051,2061,2027
2056,2046,2050,2057,2045,2050,2056,2036
2059,2046,2036,2058,2047,2054,2066,2040
2052,2044,2032,2059,2051,2054,2061,2044
2050,2037,2034,2059,2052,2051,2056,2047
2045,2039,2034,2060,2051,2056,2046,2046
2043,2031,2028,2062,2057,2059,2049,2056
2040,2031,2024,2053,2047,2060,2053,2058
2033,2028,2012,2055,2048,2056,2055,2058
2037,2019,2010,2046,2045,2052,2041,2061
2038,2018,2007,2052,2038,2047,2046,2061
2032,2012,2003,2050,2041,2048,2021,2057
2031,2014,2018,2061,2056,2050,2050,2057
2043,2026,2044,2075,2063,2055,2046,2055
2043,2022,2059,2086,2062,2055,2044,2053
2034,2013,2056,2078,2062,2051,2036,2040
2029,2017,2050,2081,2057,2056,2032,2032
2033,2018,2041,2074,2056,2052,2043,2033
2038,2025,2043,2074,2049,2054,2036,2027
2041,2026,2054,2078,2044,2051,2047,2026
2048,2033,2057,2078,2049,2056,2032,2029
2048,2039,2037,2077,2048,2056,2048,2029
2048,2036,2030,2081,2053,2057,2042,2020
2048,2037,2024,2081,2055,2060,2045,2023
2052,2044,2015,2072,2051,2056,2041,2024
2044,2033,1978,2042,2031,2049,2034,2016
2040,2023,1954,2013,2013,2039,2049,2011
2041,2024,1960,2020,2004,2031,2020,2011
2037,2031,1977,2032,2002,2031,2021,2013
2040,2052,1995,2041,2019,2034,2043,2033
2057,2066,2009,2030,2031,2039,2048,2038
2066,2066,2026,2034,2034,2036,2043,2035
2064,2066,2054,2040,2034,2038,2036,2037
2065,2070,2084,2049,2040,2039,2040,2044
2063,2072,2112,2046,2044,2044,2042,2041
2064,2071,2123,2029,2047,2048,2036,2048
2057,2064,2117,2006,2035,2050,2037,2048
2057,2061,2124,1998,2051,2053,2061,2065
2064,2060,2113,2010,2059,2061,2066,2068
2060,2060,2104,2008,2060,2060,2059,2068
2060,2049,2084,2002,2060,2060,2053,2070
2056,2045,2074,2004,2054,2057,2039,2072
2057,2042,2062,2009,2044,2055,2042,2075
2053,2036,2049,2005,2040,2047,2025,2081
2043,2030,2036,1995,2035,2042,2038,2084
2051,2031,2032,1993,2036,2047,2022,2083
2067,2056,2050,2013,2041,2056,2044,2088
2073,2078,2078,2039,2057,2058,2049,2088
2072,2085,2088,2050,2052,2059,2054,2087
2066,2082,2090,2049,2058,2058,2043,2071
2064,2072,2076,2043,2055,2050,2056,2064
2062,2062,2065,2041,2047,2046,2034,2057
2058,2061,2057,2042,2045,2043,2033,2048
2054,2056,2067,2054,2048,2044,2035,2043
2057,2069,2082,2068,2056,2045,2054,2040
2064,2080,2102,2076,2053,2045,2053,2043
2069,2077,2104,2074,2052,2043,2037,2044
2065,2081,2091,2074,2048,2046,2012,2040
2060,2073,2085,2086,2041,2046,2042,2036
2061,2060,2079,2077,2035,2052,2052,2034
2061,2062,2080,2079,2033,2052,2031,2028
2049,2051,2064,2078,2033,2044,2034,2033
2045,2040,2064,2082,2041,2052,2036,2037
2050,2051,2052,2084,2057,2062,2052,2038
2055,2046,2036,2076,2067,2069,2054,2041
2054,2040,2022,2076,2069,2068,2042,2042
2056,2031,2015,2060,2065,2066,2050,2047
2056,2033,2025,2039,2053,2065,2049,2045
2060,2046,2024,2029,2047,2061,2056,2051
2062,2047,2027,2031,2039,2060,2051,2057
2054,2051,2020,2026,2049,2057,2051,2059
2053,2044,2008,2026,2071,2064,2058,2060
2050,2035,1992,2029,2092,2059,2034,2072
2043,2021,1982,2005,2084,2049,2048,2073
2036,2024,1979,1995,2061,2028,2038,2074
2032,2025,1989,1992,2050,2020,2038,2074
2040,2033,2016,2008,2051,2033,2049,2084
2043,2045,2051,2016,2054,2040,2043,2084
2039,2042,2065,2027,2062,2049,2027,2089
2043,2041,2066,2025,2056,2053,2031,2089
2044,2045,2071,2032,2047,2055,2036,2091
2052,2059,2081,2045,2039,2052,2048,2094
2061,2065,2080,2052,2042,2061,2046,2089
2056,2067,2094,2060,2053,2060,2058,2084
2064,2074,2090,2068,2051,2057,2076,2076
2059,2072,2078,2063,2042,2045,2051,2066
2058,2060,2053,2065,2043,2042,2045,2057
2052,2050,2032,2069,2074,2047,2067,2049
2054,2044,2030,2069,2084,2051,2078,2045
2057,2047,2022,2076,2081,2045,2080,2051
2056,2050,2036,2086,2064,2042,2050,2045
2053,2049,2048,2096,2065,2044,2048,2042
2058,2061,2060,2093,2068,2051,2044,2041
2057,2063,2057,2084,2074,2062,2053,2043
2052,2046,2055,2080,2065,2050,2057,2030
2048,2042,2061,2080,2077,2056,2059,2039
2058,2056,2081,2081,2081,2059,2062,2048
2050,2045,2070,2074,2080,2061,2058,2045
2042,2032,2042,2049,2067,2051,2052,2039
2032,2020,2018,2040,2041,2043,2039,2044
2031,2018,2029,2047,2042,2040,2050,2049
2039,2040,2055,2058,2039,2040,2062,2058
2046,2056,2062,2051,2029,2036,2043,2057
2045,2058,2058,2018,2014,2031,2040,2063
2050,2059,2063,1997,2026,2023,2029,2069
2045,2059,2068,1979,2052,2032,2033,2079
2043,2056,2071,1975,2066,2046,2044,2082
2044,2048,2053,1965,2058,2043,2071,2091
2045,2048,2042,1979,2059,2044,2070,2088
2041,2040,2030,1992,2086,2047,2069,2091
2042,2042,2035,2018,2098,2046,2054,2096
2040,2039,2046,2020,2099,2042,2060,2086
2044,2056,2065,2034,2094,2049,2048,2093
2057,2066,2066,2039,2097,2056,2042,2090
2056,2068,2074,2050,2091,2060,2033,2086
2053,2070,2082,2058,2078,2059,2068,2080
2060,2067,2075,2061,2078,2057,2067,2074
2063,2064,2075,2057,2073,2052,2042,2066
2059,2061,2064,2062,2070,2059,2038,2062
2053,2060,2044,2057,2071,2052,2043,2056
2054,2055,2034,2057,2058,2054,2052,2047
2051,2047,2021,2056,2062,2051,2046,2049
2054,2045,2014,2057,2076,2056,2047,2040
2052,2042,2004,2050,2070,2044,2059,2037
2049,2042,2001,2048,2062,2043,2049,2040
2044,2041,1998,2047,2059,2047,2040,2033
2043,2038,2006,2038,2062,2043,2045,2033
2040,2027,2004,2035,2061,2038,2014,2030
2041,2027,2017,2030,2061,2050,2029,2028
2046,2042,2035,2026,2068,2051,2046,2033
2049,2044,2041,2016,2067,2052,2045,2037
2043,2041,2041,2028,2071,2054,2036,2045
2040,2040,2054,2043,2080,2054,2040,2046
2042,2048,2059,2060,2089,2056,2050,2060
2048,2053,2065,2062,2081,2059,2048,2054
2044,2050,2065,2053,2077,2055,2066,2060
2041,2040,2064,2055,2077,2051,2048,2062
2047,2047,2069,2068,2086,2049,2051,2073
2046,2056,2081,2067,2080,2053,2076,2078
2046,2050,2088,2061,2078,2048,2064,2081
2041,2053,2089,2056,2059,2043,2064,2088
2042,2049,2080,2058,2079,2045,2045,2091
2042,2049,2078,2061,2119,2051,2044,2089
2033,2047,2070,2065,2147,2053,2061,2094
2039,2050,2067,2058,2139,2054,2064,2099
2049,2051,2070,2065,2150,2064,2071,2108
2050,2049,2063,2072,2146,2060,2060,2099
2052,2049,2062,2064,2123,2059,2056,2085
2051,2050,2060,2069,2083,2059,2071,2094
2049,2050,2072,2073,2075,2065,2067,2094
2052,2055,2065,2066,2066,2071,2063,2088
2054,2047,2064,2049,1964,2067,2076,2079
2051,2043,2055,2019,1889,2046,2059,2072
2053,2045,2053,2031,1950,2048,2060,2064
2052,2047,2055,2043,2010,2054,2065,2056
2048,2054,2060,2052,2009,2040,2040,2048
2050,2053,2066,2045,1995,2031,2064,2045
2052,2057,2066,2054,2005,2046,2073,2039
2057,2055,2058,2044,1965,2042,2049,2036
2052,2046,2052,2035,1975,2048,2045,2023
2046,2042,2047,2049,2035,2045,2029,2028
2048,2043,2043,2045,2094,2041,2003,2028
2043,2040,2044,2049,2116,2032,2012,2027
2042,2043,2048,2059,2131,2035,2025,2029
2047,2041,2050,2061,2129,2036,2039,2035
2044,2038,2046,2066,2114,2033,2045,2042
2042,2044,2049,2057,2085,2026,2018,2043
2033,2037,2050,2054,2073,2025,2025,2046
2032,2041,2044,2059,2094,2039,2031,2056
2034,2044,2047,2069,2139,2055,2057,2063
2038,2047,2050,2089,2232,2071,2055,2070
2040,2047,2050,2101,2267,2079,2056,2076
2039,2047,2052,2100,2239,2068,2044,2078
2041,2040,2048,2078,2148,2051,2060,2077
2039,2036,2041,2053,2075,2059,2045,2081
2035,2028,2039,2062,2116,2086,2035,2076
2032,2028,2038,2073,2155,2086,2046,2086
2029,2029,2047,2085,2161,2090,2052,2078
2034,2031,2040,2076,2061,2076,2046,2068
2034,2038,2045,2059,1899,2058,2034,2068
2036,2037,2040,2053,1877,2057,2036,2061
2032,2034,2039,2044,1942,2059,2056,2060
2035,2035,2034,2063,2001,2059,2050,2056
2047,2036,2037,2077,2069,2079,2076,2052
2049,2046,2042,2076,2064,2073,2087,2051
2048,2049,2040,2072,2021,2060,2047,2045
2044,2038,2041,2063,2004,2047,2059,2041
2043,2040,2039,2056,1980,2057,2077,2039
2042,2038,2043,2037,1910,2034,2052,2028
2045,2042,2039,2027,1917,2035,2058,2031
2045,2042,2038,2027,2006,2026,2044,2022
2034,2032,2028,2019,2077,2023,2044,2018
2031,2019,2020,2029,2104,2017,2015,2023
2028,2021,2027,2038,2071,2017,2056,2027
2028,2022,2039,2041,2027,2014,2054,2028
2034,2020,2041,2041,1986,2025,2054,2036
2034,2030,2046,2046,1965,2027,2061,2030
2040,2030,2038,2040,1961,2034,2054,2036
2035,2033,2034,2031,1974,2043,2050,2045
2032,2032,2031,2029,1977,2049,2041,2040
2030,2026,2024,2015,1974,2033,2049,2045
2030,2022,2025,2024,2006,2039,2042,2049
2030,2024,2030,2033,2086,2065,2048,2061
2025,2022,2030,2049,2130,2078,2058,2066
2023,2022,2030,2059,2128,2089,2071,2072
2030,2020,2034,2064,2126,2086,2075,2076
2028,2019,2033,2056,2124,2082,2054,2076
2030,2020,2032,2050,2100,2069,2062,2077
2028,2013,2028,2045,2095,2067,2058,2074
2028,2018,2031,2054,2093,2067,2060,2070
2026,2021,2036,2047,2086,2055,2061,2070
2037,2027,2035,2049,2082,2051,2044,2066
2038,2030,2035,2057,2093,2061,2047,2057
2041,2034,2035,2058,2068,2034,2043,2060
2038,2043,2035,2052,2023,1994,2033,2050
2041,2045,2048,2050,2003,1986,2042,2049
2047,2042,2044,2034,1938,1997,2033,2045
2049,2043,2045,2042,1953,2022,2027,2048
2049,2053,2058,2064,2023,2041,2038,2049
2056,2065,2059,2062,2052,2050,2049,2051
2054,2065,2060,2045,2004,2034,2028,2044
2055,2062,2063,2036,1976,2022,2043,2043
2059,2063,2063,2044,1964,2024,2014,2041
2054,2072,2065,2049,1981,2020,2006,2035
2050,2060,2054,2045,1979,2020,2022,2035
2045,2050,2054,2052,2010,2035,2036,2038
2049,2055,2052,2047,2055,2038,2032,2036
2047,2052,2042,2041,2067,2028,2042,2036
2043,2038,2038,2016,1961,2020,2059,2038
2047,2042,2038,2020,1960,2026,2053,2036
2045,2040,2035,2032,2030,2037,2058,2042
2046,2039,2036,2044,2046,2039,2060,2048
2045,2040,2041,2054,2070,2052,2054,2054
2048,2044,2044,2063,2096,2066,2079,2061
2042,2036,2038,2070,2099,2061,2076,2058
2036,2035,2035,2066,2092,2059,2081,2066
2037,2040,2039,2066,2117,2064,2065,2063
2037,2042,2038,2070,2106,2057,2058,2069
2039,2040,2041,2066,2096,2046,2052,2074
2032,2032,2036,2060,2080,2031,2043,2068
2029,2025,2034,2060,2096,2042,2036,2074
2027,2028,2030,2060,2099,2057,2050,2079
2035,2036,2039,2062,2094,2068,2055,2081
2038,2042,2046,2052,2094,2069,2061,2077
2036,2044,2051,2035,2050,2074,2063,2069
2048,2053,2054,2029,1984,2082,2060,2069
2051,2058,2056,2031,1977,2080,2060,2054
2055,2056,2052,2038,1997,2087,2065,2051
2049,2055,2055,2035,2026,2076,2058,2049
2041,2051,2054,2041,2053,2058,2028,2052
2051,2055,2062,2045,2055,2049,2058,2046
2055,2056,2061,2044,2064,2066,2074,2052
2061,2064,2065,2059,2084,2085,2090,2054
2063,2069,2065,2069,2078,2080,2060,2050
2061,2069,2064,2069,2107,2072,2062,2042
2062,2067,2062,2074,2090,2052,2059,2024
2052,2054,2049,2039,1999,2036,2033,2015
2040,2040,2033,2032,2087,2037,2043,2019
2048,2044,2043,2067,2249,2056,2054,2021
2037,2042,2040,2101,2329,2092,2061,2019
2036,2034,2041,2110,2374,2107,2060,2024
2033,2034,2042,2106,2326,2103,2052,2025
2035,2040,2046,2105,2258,2114,2053,2037
2042,2044,2049,2107,2202,2109,2047,2039
2041,2047,2050,2090,2112,2063,2074,2048
2046,2048,2053,2105,2158,2055,2070,2057
2045,2045,2051,2106,2110,2049,2075,2061
2042,2044,2059,2098,2024,2056,2069,2075
2047,2046,2060,2069,1863,2052,2072,2082
2046,2049,2056,2028,1812,2046,2071,2088
2036,2051,2044,1999,1840,2017,2065,2084
2045,2045,2036,1990,1883,1987,2054,2083
2034,2029,2025,1963,1800,1968,2042,2081
2037,2030,2023,1961,1766,1978,2049,2085
2045,2047,2040,1992,1849,2011,2048,2090
2046,2049,2046,2012,1921,2025,2070,2090
2048,2051,2041,2023,1949,2031,2056,2073
2041,2048,2043,2032,1947,2035,2081,2068
2038,2043,2040,2038,1938,2032,2083,2052
2038,2038,2040,2050,1977,2049,2060,2054
2038,2045,2047,2072,2076,2070,2080,2052
2042,2043,2046,2070,2083,2062,2065,2038
2041,2043,2042,2058,2088,2042,2064,2032
2045,2045,2043,2058,2137,2038,2052,2030
2041,2045,2046,2063,2202,2063,2051,2032
2040,2043,2050,2084,2246,2091,2055,2029
2046,2048,2044,2089,2257,2097,2043,2026
2038,2039,2044,2088,2246,2073,2053,2028
2037,2034,2036,2058,2137,2042,2035,2014
2025,2028,2024,2004,1865,1981,2015,2007
2030,2032,2023,1944,1728,1973,2012,2006
2033,2033,2026,1987,1927,2022,2022,2013
2046,2050,2050,2064,2088,2056,2031,2025
2052,2055,2057,2076,2091,2022,2053,2026
2044,2047,2040,2067,2066,2003,2057,2026
2040,2034,2030,2055,2054,2000,2040,2026
2035,2038,2022,2047,2006,1998,2058,2044
2042,2033,2040,2052,1979,1996,2060,2038
2047,2036,2052,2070,2006,2006,2048,2055
2049,2041,2064,2084,2013,2024,2054,2057
2045,2045,2074,2084,2029,2035,2057,2057
2035,2039,2081,2096,2022,2043,2057,2060
2039,2041,2074,2094,2020,2046,2052,2061
2039,2043,2065,2088,2005,2052,2047,2064
2039,2036,2046,2083,1994,2056,2054,2062
2038,2032,2039,2083,1999,2055,2056,2066
2043,2051,2042,2084,1988,2076,2070,2078
2050,2048,2050,2081,2002,2083,2072,2070
2047,2047,2044,2064,2016,2080,2070,2053
2043,2037,2029,2046,2041,2066,2059,2042
2034,2031,2022,2031,2047,2043,2056,2045
2038,2035,2024,2024,2018,1990,2048,2035
2034,2035,2023,2015,2011,1966,2042,2029
2036,2025,2022,2009,2005,1989,2058,2027
2034,2033,2032,2000,2025,2023,2055,2032
2046,2049,2037,1998,2015,2035,2060,2035
2050,2051,2037,2011,2044,2042,2068,2038
2042,2048,2030,2015,2086,2057,2070,2032
2045,2046,2030,2019,2101,2064,2077,2027
2050,2043,2027,2015,2092,2060,2073,2027
2048,2044,2029,2020,2071,2051,2055,2017
2037,2036,2031,2032,2073,2065,2061,2019
2042,2043,2053,2066,2153,2106,2084,2034
2045,2048,2058,2099,2238,2144,2093,2038
2048,2049,2064,2112,2284,2155,2087,2040
2048,2046,2055,2104,2277,2143,2066,2040
2049,2042,2047,2082,2232,2107,2048,2040
2050,2044,2047,2059,2166,2068,2065,2033
2048,2042,2041,2046,2167,2038,2068,2026
2048,2040,2037,2049,2181,2034,2049,2034
2043,2037,2037,2042,2177,2022,2046,2039
2040,2037,2031,2019,2160,2011,2050,2046
2049,2040,2048,2024,2128,2020,2056,2052
2048,2053,2055,2026,2041,2024,2070,2060
2053,2050,2053,2026,1962,2023,2055,2069
2057,2049,2056,2019,1918,2013,2054,2072
2060,2049,2044,2027,1963,2031,2060,2067
2049,2037,2040,2038,1996,2039,2038,2070
2046,2041,2041,2044,2014,2041,2054,2061
2038,2036,2031,2015,1908,2017,2030,2051
2044,2034,2021,2007,1902,2010,2038,2051
2047,2036,2025,2026,1980,2026,2037,2044
2042,2040,2042,2041,2016,2034,2043,2036
2051,2051,2043,2049,2047,2047,2053,2043
2046,2053,2049,2059,2056,2053,2050,2047
2042,2048,2039,2051,2046,2048,2039,2032
2043,2046,2035,2045,2037,2030,2047,2025
2037,2037,2033,2045,2035,2028,2046,2030
2035,2034,2029,2050,2041,2036,2058,2032
2043,2034,2032,2052,2046,2051,2052,2024
2044,2034,2025,2058,2040,2055,2041,2022
2047,2034,2030,2055,2036,2050,2041,2020
2044,2030,2030,2062,2043,2041,2029,2005
2039,2029,2035,2067,2067,2054,2043,2006
2036,2028,2038,2069,2065,2065,2053,2010
2044,2036,2048,2068,2058,2066,2054,2008
2044,2047,2048,2064,2054,2070,2060,2021
2050,2055,2047,2066,2056,2073,2069,2021
2060,2055,2054,2072,2055,2065,2066,2026
2057,2060,2047,2076,2071,2057,2074,2034
2055,2054,2044,2078,2071,2049,2063,2027
2052,2052,2042,2077,2076,2052,2060,2032
2053,2042,2045,2080,2062,2050,2042,2039
2053,2046,2052,2085,2060,2054,2030,2048
2051,2053,2070,2087,2064,2065,2036,2060
2059,2056,2084,2090,2045,2058,2036,2066
2056,2054,2069,2080,2087,2054,2032,2072
2051,2053,2057,2060,2067,2037,2031,2077
2052,2054,2057,2040,2006,2012,2045,2081
2055,2061,2055,2040,1967,2020,2051,2087
2056,2060,2052,2038,1934,2029,2055,2093
2062,2068,2050,2030,1918,2051,2066,2097
2069,2066,2053,2020,1888,2056,2068,2094
2066,2067,2058,2010,1851,2045,2077,2089
2068,2067,2062,2000,1848,2016,2063,2072
2060,2059,2049,1990,1849,1978,2038,2053
2051,2048,2048,2016,1989,2010,2050,2051
2057,2053,2060,2065,2186,2052,2052,2037
2057,2060,2066,2081,2197,2052,2062,2032
2057,2052,2058,2060,2143,2046,2059,2027
2050,2051,2053,2053,2117,2046,2037,2033
2054,2050,2051,2052,2092,2051,2040,2025
2051,2056,2050,2047,2064,2023,2026,2017
2047,2051,2051,2042,2044,1999,2013,2012
2048,2054,2044,2039,2036,1990,2039,1997
2036,2042,2036,2043,2040,1984,2042,1990
2037,2038,2048,2047,2053,1992,2052,1998
2042,2046,2054,2055,2059,2022,2051,2002
2046,2042,2061,2060,2069,2045,2047,2010
2042,2051,2052,2054,2056,2039,2037,2005
2043,2048,2048,2046,2025,2039,2033,2010
2044,2054,2045,2042,2008,2040,2039,2009
2046,2045,2046,2034,1996,2038,2034,2021
2042,2048,2049,2031,1998,2028,2016,2032
2040,2044,2045,2043,2027,2016,2027,2041
2046,2055,2056,2062,2104,2037,2039,2049
2050,2054,2056,2077,2148,2055,2038,2050
2044,2050,2050,2081,2142,2071,2042,2050
2045,2042,2044,2075,2127,2070,2041,2051
2039,2042,2048,2069,2107,2062,2030,2056
2035,2038,2044,2060,2087,2052,2033,2056
2035,2035,2039,2057,2063,2046,2024,2059
2033,2039,2042,2056,2068,2054,2044,2065
2039,2047,2048,2047,2005,2057,2044,2073
2050,2046,2047,2027,1895,2058,2059,2059
2049,2052,2051,2040,1945,2064,2058,2049
2054,2057,2051,2047,1974,2040,2049,2054
2051,2053,2052,2046,2008,2037,2032,2042
2055,2048,2046,2056,2039,2056,2038,2035
2054,2049,2044,2049,2046,2050,2048,2028
2048,2047,2042,2051,2030,2039,2034,2016
2051,2048,2041,2044,2024,2041,2037,2008
2045,2049,2047,2042,2026,2045,2023,2002
2042,2051,2049,2040,2026,2050,2010,1996
2049,2053,2042,2045,2030,2069,2038,1995
2048,2063,2043,2043,2040,2081,2028,1995
2051,2054,2044,2037,2053,2070,2018,1995
2047,2046,2037,2043,2062,2049,2003,2002
2040,2052,2040,2055,2089,2019,2038,2012
2048,2054,2046,2054,2096,2026,2051,2018
2047,2060,2042,2054,2082,2034,2037,2020
2047,2046,2039,2055,2074,2037,2045,2025
2043,2046,2044,2061,2062,2037,2043,2022
2039,2042,2040,2061,2069,2037,2050,2024
2037,2046,2037,2060,2056,2035,2048,2028
2040,2046,2038,2059,2051,2038,2052,2033
2046,2040,2037,2057,2046,2037,2056,2036
2042,2046,2045,2057,2044,2034,2043,2042
2038,2045,2047,2057,2048,2043,2024,2052
2041,2048,2050,2062,2048,2048,2009,2056
2036,2044,2042,2060,2044,2050,2018,2064
2032,2045,2044,2056,2050,2050,2059,2060
2039,2034,2037,2054,2053,2048,2041,2060
2026,2038,2037,2048,2058,2039,2041,2055
2028,2041,2039,2052,2053,2040,2032,2058
2042,2049,2047,2054,2064,2050,2018,2051
2039,2041,2040,2057,2066,2044,2014,2046
2037,2047,2045,2064,2068,2054,2028,2039
2038,2049,2047,2061,2080,2057,2049,2035
2040,2052,2047,2069,2077,2062,2038,2031
2044,2053,2050,2071,2090,2057,2043,2027
2041,2052,2045,2073,2092,2065,2059,2019
2039,2051,2041,2075,2089,2068,2057,2019
2037,2052,2045,2067,2079,2063,2047,2023
2041,2048,2045,2065,2063,2049,2055,2024
2042,2050,2043,2056,2040,2040,2030,2013
2038,2055,2042,2052,2025,2042,2025,2006
2034,2054,2044,2045,2034,2066,2014,2013
2034,2050,2044,2051,2052,2071,2030,2011
2028,2041,2040,2059,2058,2079,2033,2006
2037,2041,2041,2065,2066,2047,2032,2004
2037,2045,2045,2063,2071,2003,2030,2006
2029,2045,2040,2060,2073,2013,2021,2008
2029,2044,2042,2069,2067,2048,2042,2004
2029,2038,2037,2060,2050,2061,2008,2005
2024,2035,2029,2051,2022,2052,2028,1996
2020,2027,2029,2042,1990,2048,2031,2006
2025,2036,2026,2042,1973,2058,2044,2016
2025,2034,2029,2044,1993,2066,2028,2031
2024,2033,2027,2040,2020,2076,2038,2026
2028,2031,2024,2051,2052,2096,2049,2035
2030,2037,2014,2065,2056,2116,2053,2039
2031,2032,2008,2073,2057,2122,2041,2050
2031,2031,2020,2087,2057,2086,2039,2046
2040,2035,2024,2094,2042,1986,2022,2039
2035,2025,2011,2086,2033,1928,2008,2045
2026,2019,2011,2090,2016,1946,2022,2044
2031,2032,2017,2084,2016,1973,2002,2034
2035,2024,2003,2080,2029,2003,2016,2025
2025,2021,2004,2076,2042,2018,2011,2024
2030,2028,2002,2082,2060,2033,2020,2022
2033,2030,2002,2080,2051,2054,2023,2012
2034,2021,1999,2071,2034,2063,2030,2009
2031,2021,1993,2062,2023,2063,2034,2011
2035,2016,1991,2054,2022,2057,2038,2000
2029,2016,1999,2045,2023,2055,2034,2000
2023,2016,2007,2030,2016,2048,2038,1993
2014,2018,2031,2008,2010,2045,2042,1998
2023,2035,2047,1995,2003,2033,2028,1994
2031,2051,2084,1992,1998,2037,2037,1996
2040,2068,2100,2001,2006,2029,2028,1999
2038,2061,2093,2010,2018,2041,2032,2007
2042,2064,2090,2027,2033,2051,2038,2021
2064,2070,2084,2042,2047,2060,2034,2025
2058,2063,2074,2046,2049,2062,2032,2027
2059,2062,2078,2058,2054,2065,2016,2025
2056,2067,2080,2061,2053,2072,2027,2026
2055,2068,2086,2061,2048,2060,2018,2024
2052,2068,2080,2064,2052,2052,1995,2032
2045,2065,2073,2061,2044,2030,2008,2028
2045,2060,2071,2062,2044,2017,2005,2027
2043,2056,2071,2061,2046,2022,2031,2036
2044,2054,2064,2061,2044,2038,2033,2046
2041,2054,2059,2060,2050,2046,2040,2050
2037,2059,2064,2055,2047,2040,2042,2056
2040,2046,2062,2056,2041,2037,2050,2056
2039,2051,2061,2059,2037,2036,2030,2055
2039,2043,2052,2051,2027,2031,2031,2055
2037,2039,2048,2050,2035,2042,2055,2055
2038,2051,2050,2057,2035,2042,2035,2052
2032,2049,2052,2053,2029,2033,2011,2047
2034,2045,2051,2051,2027,2030,2036,2042
2037,2039,2056,2050,2034,2043,2051,2038
2036,2049,2054,2064,2038,2058,2055,2036
2044,2053,2058,2060,2034,2055,2054,2038
2045,2051,2061,2060,2038,2064,2067,2042
2047,2050,2057,2062,2049,2064,2064,2035
2041,2048,2059,2058,2038,2064,2074,2028
2044,2051,2059,2056,2038,2066,2081,2028
2041,2054,2057,2058,2039,2051,2067,2027
2040,2059,2056,2052,2036,2042,2057,2018
2043,2050,2055,2054,2033,2041,2042,2021
2041,2049,2050,2055,2036,2035,2028,2012
2040,2042,2049,2056,2036,2038,2037,2004
2039,2045,2049,2064,2047,2033,2051,2016
2043,2053,2062,2073,2064,2034,2057,2014
2043,2050,2057,2073,2068,2035,2059,2013
2044,2057,2060,2073,2070,2038,2059,2008
2045,2056,2059,2075,2070,2055,2038,2014
2041,2049,2055,2065,2057,2066,2035,2015
2032,2043,2052,2058,2041,2067,2023,2014
2035,2045,2048,2058,2036,2044,2019,2020
2035,2044,2051,2056,2035,2041,2028,2028
2032,2044,2045,2053,2044,2045,2031,2040
2039,2045,2054,2055,2043,2052,2032,2041
2033,2047,2041,2053,2043,2043,2040,2044
2037,2043,2044,2050,2039,2041,2040,2052
2036,2044,2044,2051,2040,2045,2022,2051
2033,2044,2040,2054,2036,2048,2047,2050
2024,2032,2030,2050,2034,2036,2055,2051
2024,2034,2034,2045,2028,2039,2038,2047
2024,2040,2035,2046,2027,2038,2034,2051
2027,2032,2038,2052,2038,2028,2039,2052
2029,2036,2040,2052,2037,2027,2047,2051
2034,2038,2038,2048,2041,2031,2035,2042
2034,2041,2035,2051,2040,2038,2045,2034
2033,2039,2039,2047,2044,2035,2063,2028
2033,2038,2036,2045,2049,2039,2051,2025
2034,2035,2039,2050,2052,2045,2059,2024
2033,2038,2046,2053,2047,2047,2048,2019
2031,2035,2041,2054,2049,2044,2044,2010
2025,2034,2044,2054,2052,2047,2027,2014
2029,2039,2051,2051,2050,2056,2027,2018
2034,2043,2048,2054,2047,2060,2020,2014
2039,2051,2052,2055,2052,2066,2046,2015
2040,2055,2045,2051,2044,2080,2054,2008
2035,2043,2049,2052,2037,2086,2015,2009
2044,2050,2053,2064,2050,2098,2019,2008
2043,2047,2051,2054,2054,2101,2031,2004
2035,2038,2054,2055,2059,2094,2030,2011
2036,2045,2050,2057,2066,2091,2050,2005
2035,2047,2049,2060,2067,2084,2056,2017
2036,2043,2047,2060,2064,2066,2049,2021
2040,2039,2049,2056,2062,2040,2035,2030
2033,2041,2044,2052,2061,2042,2037,2034
2034,2037,2038,2047,2062,2059,2037,2052
2035,2041,2035,2053,2056,2064,2067,2062
2038,2045,2041,2054,2047,2063,2041,2067
2036,2042,2037,2042,2049,2061,2046,2064
2032,2041,2041,2042,2049,2060,2058,2071
2040,2047,2040,2052,2046,2064,2058,2076
2042,2047,2044,2044,2043,2059,2054,2075
2033,2048,2044,2045,2045,2060,2046,2070
2039,2051,2053,2050,2039,2055,2047,2064
2036,2054,2051,2056,2050,2060,2045,2055
2035,2058,2046,2059,2059,2069,2042,2051
2034,2054,2053,2058,2058,2064,2033,2048
2040,2050,2052,2052,2047,2039,2032,2032
2039,2048,2046,2056,2043,2022,2024,2031
2040,2050,2047,2056,2036,2027,2025,2034
2038,2051,2052,2053,2041,2052,2017,2028
2041,2049,2056,2057,2043,2077,2021,2026
2035,2048,2053,2056,2045,2093,2020,2015
2035,2044,2047,2050,2045,2093,2013,2013
2036,2039,2048,2054,2042,2078,2010,2017
2040,2041,2052,2055,2050,2073,2044,2015
2036,2037,2048,2056,2054,2056,2034,2016
2035,2042,2045,2053,2048,2045,2037,2010
2033,2038,2049,2046,2042,2039,2023,2008
2035,2045,2052,2053,2050,2038,2050,2020
2044,2055,2058,2058,2060,2017,2048,2022
2039,2055,2062,2058,2058,2000,2053,2019
2038,2057,2061,2050,2051,1983,2031,2016
2042,2056,2056,2053,2051,1988,2039,2019
2039,2054,2064,2054,2043,2000,2036,2021
2036,2049,2063,2059,2049,2026,2039,2026
2039,2053,2057,2056,2048,2050,2038,2034
2039,2057,2059,2059,2042,2069,2039,2038
2037,2051,2058,2057,2044,2081,2020,2030
2037,2052,2061,2057,2047,2080,2036,2041
2033,2048,2058,2054,2053,2067,2020,2048
2033,2052,2059,2053,2056,2060,2015,2051
2030,2046,2057,2056,2058,2048,2018,2050
2025,2039,2062,2054,2047,2045,2032,2054
2028,2033,2050,2045,2046,2048,2022,2056
2025,2035,2052,2050,2039,2054,2034,2056
2034,2043,2051,2045,2038,2052,2034,2056
2035,2046,2047,2045,2041,2057,2036,2058
2040,2049,2054,2054,2039,2015,2032,2057
2042,2047,2053,2052,2036,1961,2035,2053
2043,2055,2052,2051,2033,1975,2023,2045
2042,2057,2054,2052,2043,2011,2054,2037
2045,2056,2056,2053,2046,2036,2048,2033
2047,2057,2054,2054,2048,2046,2054,2025
2046,2057,2060,2049,2044,2048,2046,2020
2040,2048,2051,2042,2036,2051,2042,2014
2044,2052,2047,2049,2040,2078,2047,2010
2041,2056,2052,2049,2051,2104,2064,2020
2060,2062,2057,2050,2054,2129,2051,2021
2059,2067,2063,2046,2050,2140,2054,2009
2052,2052,2055,2044,2049,2110,2040,2006
2050,2054,2060,2053,2042,2034,2023,1997
2048,2065,2056,2055,2045,2002,2042,2005
2050,2064,2061,2054,2051,2029,2047,2003
2056,2056,2056,2056,2053,2051,2045,2013
2049,2055,2055,2054,2059,2061,2043,2014
2049,2046,2056,2058,2057,2055,2029,2016
2034,2045,2056,2057,2059,2045,2029,2020
2028,2045,2053,2052,2059,2047,2030,2030
2026,2043,2051,2054,2049,2043,2036,2033
2025,2045,2046,2044,2047,2032,2039,2046
2027,2037,2038,2042,2047,2024,2057,2047
2021,2030,2035,2043,2052,2026,2072,2051
2023,2026,2037,2041,2052,2031,2065,2063
2031,2036,2044,2050,2054,2043,2060,2077
2047,2043,2049,2056,2061,2043,2060,2075
2038,2040,2048,2049,2056,2063,2078,2074
2042,2044,2050,2051,2052,2043,2065,2082
2045,2053,2055,2056,2050,2028,2068,2074
2047,2049,2046,2052,2046,2024,2058,2067
2036,2040,2047,2042,2030,2012,2047,2054
2041,2043,2049,2048,2018,2024,2051,2046
2039,2045,2046,2038,2023,2050,2038,2035
2036,2041,2042,2040,2025,2061,2053,2029
2032,2038,2045,2042,2029,2070,2051,2039
2040,2042,2048,2050,2047,2087,2070,2034
2046,2042,2047,2045,2055,2099,2098,2033
2040,2038,2047,2046,2070,2098,2077,2030
2037,2037,2043,2050,2059,2087,2058,2025
2038,2036,2041,2037,2058,2069,2050,2022
2037,2036,2037,2038,2056,2055,2046,2011
2038,2040,2047,2044,2054,2040,2036,2006
2041,2032,2044,2044,2097,2044,2015,2006
2045,2040,2044,2054,2125,2012,2029,2012
2045,2049,2057,2058,2145,1995,2033,2015
2042,2055,2060,2059,2148,2014,2044,2014
2048,2053,2059,2057,2158,2029,2043,2004
2043,2053,2053,2047,2120,2062,2034,2013
2039,2051,2051,2043,2103,2088,2023,2029
2039,2041,2048,2042,2082,2051,2029,2043
2038,2045,2051,2043,2018,2005,2031,2044
2045,2043,2053,2036,1892,1978,2009,2046
2041,2046,2052,2037,1954,1992,2026,2045
2038,2045,2051,2042,2029,2019,2034,2061
2039,2043,2052,2052,2060,2043,2043,2065
2034,2042,2044,2052,2068,2045,2049,2078
2032,2039,2045,2054,2035,2031,2030,2067
2032,2038,2041,2047,2032,2023,2033,2065
2029,2032,2029,2039,2038,2022,2022,2063
2028,2033,2029,2032,2023,2043,2040,2068
2037,2040,2038,2030,2015,2052,2046,2067
2039,2041,2039,2038,2032,2093,2032,2079
2044,2041,2042,2036,2040,2120,2047,2077
2043,2038,2042,2031,2030,2133,2047,2068
2045,2038,2038,2028,2015,2108,2046,2060
2045,2038,2036,2027,1995,2015,2044,2054
2055,2036,2044,2026,2000,1993,2040,2051
2050,2044,2044,2036,2026,2011,2018,2038
2046,2046,2039,2044,2056,2018,2035,2028
2049,2047,2042,2047,2060,2026,2028,2013
2054,2050,2042,2051,2052,2044,2035,2015
2056,2048,2042,2052,2049,2076,2062,2013
2056,2050,2050,2052,2054,2089,2082,2025
2063,2055,2048,2053,2057,2075,2067,2013
2050,2044,2036,2038,2035,2068,2083,2008
2051,2037,2036,2040,2037,2090,2110,2013
2053,2044,2039,2047,2052,2088,2103,2008
2047,2043,2039,2048,2053,2076,2084,2010
2042,2038,2039,2046,2051,2069,2076,2016
2038,2047,2043,2045,2049,2063,2072,2016
2033,2045,2044,2046,2055,2064,2058,2011
2042,2052,2051,2051,2055,2047,2037,2027
2031,2046,2051,2051,2054,2028,2013,2014
2030,2043,2044,2051,2064,2030,2025,2015
2033,2041,2045,2048,2061,2023,2036,2024
2020,2042,2046,2043,2056,2016,2021,2031
2026,2041,2042,2042,2052,2021,2030,2043
2032,2042,2044,2039,2055,2028,2029,2053
2022,2037,2042,2040,2051,2039,2048,2057
2025,2037,2042,2038,2050,2052,2041,2066
2018,2030,2034,2038,2038,2041,2028,2062
2027,2030,2040,2035,2037,2052,2039,2072
2035,2042,2037,2030,2042,2076,2045,2069
2034,2045,2038,2033,2038,2104,2053,2064
2038,2042,2036,2033,2043,2107,2052,2058
2031,2041,2034,2037,2043,2113,2070,2053
2032,2040,2036,2036,2044,2079,2060,2045
2037,2042,2036,2037,2041,2040,2069,2032
2029,2045,2037,2035,2036,2033,2060,2027
2033,2046,2033,2033,2025,2053,2053,2020
2031,2038,2036,2034,2025,2078,2049,2015
2034,2035,2032,2032,2032,2075,2025,2014
2031,2031,2033,2036,2041,2049,2037,2020
2028,2040,2034,2044,2050,2050,2044,2021
2030,2041,2040,2047,2051,2063,2045,2016
2036,2040,2038,2045,2054,2068,2063,2026
2029,2032,2032,2042,2029,2063,2053,2022
2033,2041,2032,2036,2019,2053,2074,2024
2043,2049,2042,2036,2029,2021,2077,2020
2040,2044,2038,2040,2028,1988,2058,2023
2031,2040,2036,2032,2024,1983,2046,2012
2031,2037,2031,2039,2048,2007,2050,2021
2034,2042,2051,2058,2081,2045,2064,2028
2042,2046,2053,2062,2091,2067,2058,2036
2042,2045,2051,2058,2084,2075,2061,2046
2050,2047,2056,2051,2082,2084,2051,2049
2039,2053,2051,2052,2076,2081,2059,2051
2047,2050,2051,2044,2077,2076,2057,2052
2048,2052,2048,2043,2074,2062,2053,2054
2051,2053,2046,2034,2065,2047,2043,2062
2058,2051,2045,2028,2055,2035,2040,2064
2057,2046,2046,2033,2051,2032,2041,2073
2052,2050,2043,2035,2053,2038,2042,2072
2055,2058,2045,2041,2055,2046,2049,2076
2066,2071,2054,2047,2062,2054,2064,2067
2060,2069,2053,2047,2063,2052,2055,2064
2063,2064,2055,2045,2054,2042,2049,2049
2058,2062,2051,2037,2041,2031,2041,2035
2046,2055,2041,2033,2010,2014,2023,2030
2041,2041,2034,2027,1998,2016,2038,2032
2038,2038,2035,2023,1988,2011,2026,2022
2035,2033,2024,2015,1985,2021,2047,2022
2027,2022,2025,2015,2020,2054,2053,2023
2028,2022,2026,2034,2067,2080,2057,2020
2029,2020,2021,2042,2096,2084,2067,2025
2033,2021,2019,2047,2114,2099,2072,2031
2036,2022,2018,2054,2120,2100,2070,2033
2040,2024,2018,2045,2091,2082,2064,2020
2028,2010,2018,2033,2069,2063,2056,2018
2025,2001,2003,2024,2039,2060,2040,2016
2031,2002,2000,2014,2001,2047,2047,2024
2031,2004,1991,2009,1964,2034,2049,2019
2025,2007,1987,2001,1949,2012,2036,2018
2033,2005,1990,1988,1933,1959,2016,2012
2036,2006,1996,2008,1978,1957,2046,2028
2049,2028,2015,2042,2072,1991,2054,2037
2059,2037,2024,2078,2142,2043,2063,2048
2057,2041,2026,2084,2158,2090,2071,2052
2056,2036,2024,2075,2146,2089,2050,2060
2053,2032,2022,2061,2110,2087,2042,2058
2049,2030,2025,2053,2092,2089,2042,2056
2043,2030,2041,2043,2072,2120,2038,2055
2028,2034,2066,2044,2064,2141,2031,2060
2033,2053,2101,2051,2069,2127,2021,2051
2032,2060,2124,2054,2060,2022,2026,2060
2025,2053,2129,2049,2052,1996,2026,2066
2040,2076,2139,2059,2057,2037,2049,2070
2057,2081,2123,2056,2056,2056,2050,2070
2057,2080,2105,2041,2043,2068,2065,2060
2054,2078,2090,2031,2037,2062,2042,2058
2055,2075,2085,2030,2031,2057,2041,2051
2057,2074,2081,2029,2041,2056,2030,2050
2061,2082,2078,2031,2046,2051,2056,2046
2066,2078,2081,2039,2046,2038,2054,2039
2068,2079,2081,2031,2053,2039,2064,2044
2064,2076,2070,2024,2046,2045,2046,2026
2060,2065,2064,2018,2046,2054,2058,2024
2061,2062,2057,2010,2037,2057,2035,2024
2065,2065,2051,2003,2037,2043,2037,2021
2069,2062,2043,1998,2039,2008,2047,2020
2062,2052,2038,1995,2037,2006,2042,2014
2051,2056,2046,2009,2041,2017,2029,2008
2058,2065,2051,2017,2052,2032,2052,2019
2056,2061,2052,2021,2053,2025,2056,2021
2060,2057,2051,2027,2055,2022,2049,2027
2066,2070,2055,2038,2069,2026,2048,2043
2073,2068,2058,2035,2071,2036,2047,2036
2063,2055,2042,2022,2052,2050,2028,2031
2052,2044,2038,2025,2038,2030,2030,2030
2040,2033,2036,2025,2039,2008,2041,2044
2042,2030,2038,2032,2032,2011,2028,2047
2052,2035,2042,2035,2040,2019,2054,2061
2051,2032,2038,2041,2049,2030,2060,2067
2054,2033,2036,2041,2062,2039,2051,2070
2057,2034,2036,2039,2060,2033,2051,2073
2045,2027,2035,2039,2066,2035,2050,2060
2029,2023,2032,2039,2060,2056,2052,2064
2034,2026,2027,2048,2068,2089,2049,2062
2036,2034,2043,2051,2072,2107,2059,2064
2045,2037,2037,2053,2062,2085,2052,2061
2046,2040,2039,2051,2054,2063,2037,2052
2042,2040,2043,2044,2049,2054,2037,2049
2046,2041,2033,2046,2049,2041,2044,2040
2040,2035,2027,2045,2048,2038,2030,2038
2048,2041,2024,2038,2045,2041,2033,2033
2043,2036,2022,2026,2042,2052,2060,2020
2045,2035,2018,2022,2034,2062,2061,2016
2037,2039,2028,2021,2032,2084,2050,2008
2040,2046,2036,2024,2031,2089,2056,2002
2053,2051,2050,2026,2022,2081,2063,2002
2042,2048,2045,2018,2008,2073,2064,2007
2045,2052,2053,2017,2010,2040,2063,2006
2046,2050,2052,2025,2023,2017,2072,2020
2060,2061,2059,2025,2045,2023,2065,2038
2070,2067,2061,2026,2026,2038,2049,2044
2066,2067,2062,2032,2051,2043,2059,2050
2066,2069,2064,2038,2084,2050,2053,2051
2066,2072,2071,2039,2081,2044,2052,2050
2066,2067,2062,2036,2101,2056,2062,2043
2066,2058,2061,2043,2085,2070,2055,2046
2064,2062,2059,2044,2080,2084,2077,2046
2052,2058,2061,2047,2084,2059,2075,2051
2055,2059,2059,2044,2040,2014,2058,2052
2049,2054,2050,2026,1969,1999,2050,2060
2049,2050,2046,2025,1969,2006,2049,2073
2050,2045,2047,2034,1978,2015,2066,2076
2047,2049,2046,2041,2049,2037,2085,2085
2051,2052,2049,2048,2100,2051,2064,2086
2056,2048,2046,2031,2060,2051,2063,2086
2050,2045,2049,2025,2019,2056,2069,2081
2050,2056,2062,2039,2039,2058,2058,2076
2050,2058,2055,2047,2064,2057,2062,2066
2049,2053,2054,2039,2094,2071,2047,2058
2046,2049,2054,2040,2110,2080,2053,2053
2045,2048,2047,2037,2033,2025,2041,2047
2049,2044,2044,2019,1914,2010,2038,2045
2043,2040,2038,2016,1930,2028,2056,2042
2042,2042,2037,2024,1991,2056,2060,2041
2045,2044,2040,2040,2048,2075,2072,2037
2050,2050,2042,2043,2059,2081,2068,2031
2044,2042,2038,2040,2042,2076,2040,2020
2044,2039,2032,2036,2030,2070,2031,2012
2040,2037,2027,2037,2026,2076,2046,2017
2047,2039,2029,2045,2040,2087,2034,2006
2038,2033,2027,2048,2053,2082,2044,2006
2040,2032,2027,2047,2042,2059,2035,2004
2046,2046,2038,2063,2045,2039,2023,2011
2048,2048,2047,2060,2050,2026,2036,2013
2046,2046,2054,2068,2061,2033,2043,2022
2041,2043,2062,2068,2065,2035,2042,2018
2040,2040,2059,2061,2059,2030,2043,2021
2043,2044,2055,2066,2057,2045,2042,2025
2042,2051,2061,2060,2061,2050,2035,2021
2051,2047,2056,2054,2057,2031,2020,2041
2055,2050,2052,2061,2062,2020,2048,2039
2050,2049,2054,2060,2053,2027,2044,2051
2041,2050,2049,2052,2050,2038,2045,2058
2041,2050,2052,2050,2040,2045,2054,2054
2043,2051,2056,2046,2044,2058,2068,2058
2046,2054,2063,2047,2044,2056,2063,2061
2045,2044,2056,2039,2038,2042,2041,2062
2037,2039,2049,2031,2038,2040,2038,2069
2036,2050,2052,2027,2032,2043,2051,2072
2046,2047,2044,2031,2033,2037,2056,2071
2054,2052,2035,2013,2034,2041,2065,2072
2061,2053,2030,2006,2031,2041,2064,2065
2056,2041,2014,1992,2023,2026,2059,2056
2055,2043,2016,2000,2007,2024,2060,2047
2054,2044,2022,2009,2015,2033,2058,2045
2055,2048,2027,2016,2008,2035,2051,2030
2048,2042,2024,1996,2004,2023,2039,2026
2047,2037,2025,2008,2038,2040,2043,2023
2043,2046,2038,2028,2065,2043,2034,2022
2054,2056,2035,2035,2057,2036,2023,2021
2058,2054,2042,2029,2056,2034,2024,2026
2055,2050,2043,2035,2064,2050,2035,2028
2057,2051,2037,2026,2053,2050,2038,2024
2056,2046,2036,2030,2042,2041,2056,2026
2053,2049,2043,2035,2054,2055,2071,2030
2061,2048,2040,2045,2063,2067,2072,2030
2058,2047,2042,2042,2060,2069,2071,2031
2060,2051,2046,2042,2060,2059,2066,2025
2054,2052,2047,2046,2056,2061,2068,2029
2054,2047,2047,2046,2060,2063,2059,2028
2048,2047,2047,2042,2058,2065,2058,2037
2051,2052,2047,2044,2058,2068,2055,2043
2051,2049,2046,2041,2053,2060,2059,2047
2053,2046,2040,2040,2057,2058,2061,2051
2053,2048,2041,2043,2049,2055,2049,2050
2046,2043,2040,2046,2052,2043,2041,2062
2044,2042,2042,2043,2056,2044,2043,2068
2040,2044,2038,2039,2053,2059,2045,2073
2036,2037,2035,2038,2057,2059,2054,2072
2035,2032,2028,2034,2051,2057,2042,2069
2038,2033,2032,2041,2060,2071,2052,2080
2042,2046,2036,2044,2057,2078,2065,2086
2050,2047,2039,2051,2037,2073,2058,2094
2054,2045,2039,2045,2028,2058,2047,2088
2051,2052,2041,2037,2024,2051,2054,2070
2055,2054,2040,2034,2043,2041,2047,2060
2054,2052,2034,2036,2048,2030,2040,2054
2045,2056,2032,2034,2052,2030,2040,2051
2055,2051,2036,2032,2045,2028,2053,2051
2049,2051,2036,2032,2047,2026,2065,2044
2049,2053,2039,2030,2050,2034,2070,2042
2050,2048,2036,2030,2040,2053,2064,2035
2049,2048,2034,2029,2040,2076,2080,2026
2052,2044,2031,2022,2035,2087,2079,2019
2051,2044,2038,2027,2022,2081,2068,2016
2045,2045,2039,2023,2024,2048,2043,2015
2047,2040,2035,2032,2023,2013,2028,2021
2045,2044,2041,2036,2028,2018,2058,2032
2059,2055,2043,2044,2035,2022,2046,2028
2061,2056,2047,2047,2041,2033,2034,2031
2066,2055,2047,2049,2039,2042,2034,2037
2065,2058,2047,2040,2045,2047,2052,2038
2059,2056,2050,2037,2036,2051,2042,2036
2059,2052,2042,2039,2048,2049,2035,2041
2059,2044,2042,2050,2053,2049,2034,2039
2049,2042,2039,2050,2066,2048,2041,2042
2050,2041,2043,2053,2068,2043,2044,2046
2050,2044,2035,2049,2062,2053,2051,2046
2055,2048,2031,2048,2061,2066,2042,2061
2051,2044,2025,2044,2048,2057,2047,2071
2055,2045,2021,2038,2048,2056,2044,2070
2055,2042,2015,2042,2051,2056,2044,2075
2051,2041,2010,2034,2040,2042,2039,2068
2040,2030,2002,2036,2039,2041,2013,2066
2043,2032,2004,2039,2045,2039,2022,2076
2051,2036,2014,2041,2045,2041,2030,2076
2059,2041,2006,2038,2045,2034,2027,2072
2058,2039,2005,2046,2049,2041,2029,2065
2057,2035,2002,2043,2056,2049,2059,2060
2047,2032,1996,2040,2058,2057,2060,2046
2056,2033,1998,2033,2057,2054,2061,2040
2052,2039,2002,2039,2054,2044,2053,2030
2045,2043,2008,2041,2049,2047,2052,2025
2042,2042,2019,2040,2052,2065,2053,2026
2050,2044,2034,2054,2061,2072,2045,2024
2046,2041,2055,2056,2059,2073,2071,2026
2044,2044,2064,2044,2051,2069,2071,2025
2041,2043,2062,2047,2043,2066,2081,2028
2040,2044,2070,2042,2034,2060,2068,2014
2039,2042,2069,2033,2036,2048,2069,2008
2040,2045,2076,2053,2030,2034,2062,2019
2041,2063,2120,2086,2047,2047,2066,2035
2056,2074,2131,2091,2042,2043,2059,2038
2059,2076,2135,2088,2039,2018,2059,2034
2060,2077,2110,2089,2044,2009,2050,2033
2056,2069,2091,2086,2035,2018,2056,2030
2055,2067,2078,2079,2027,2036,2060,2040
2052,2054,2056,2068,2005,2021,2062,2038
2050,2052,2044,2065,2004,2017,2063,2049
2047,2050,2034,2060,2015,2008,2050,2055
2044,2050,2025,2064,2051,2034,2070,2064
2049,2051,2024,2066,2094,2078,2089,2076
2044,2049,2019,2064,2097,2103,2081,2074
2042,2043,2017,2051,2090,2138,2075,2077
2042,2038,2013,2038,2092,2188,2106,2082
2046,2040,2017,2027,2070,2172,2086,2083
2044,2042,2034,2019,2053,2098,2077,2077
2043,2046,2052,2019,2042,1977,2032,2068
2040,2054,2072,2015,2036,1952,2024,2058
2043,2060,2081,2013,2029,1987,2026,2060
2042,2067,2088,2013,2022,1977,2025,2063
2050,2074,2090,2011,2033,1978,2010,2062
2055,2080,2087,2012,2043,2000,2020,2060
2062,2073,2082,2013,2043,2020,2027,2056
2067,2071,2077,2009,2049,2030,2051,2047
2056,2062,2067,2008,2048,2032,2040,2044
2049,2059,2053,2016,2048,2036,2039,2040
2056,2055,2058,2016,2053,2040,2035,2040
2056,2059,2054,2024,2056,2035,2050,2036
2061,2061,2055,2022,2058,2032,2042,2035
2062,2060,2053,2028,2061,2027,2050,2041
2057,2056,2057,2029,2050,2045,2028,2029
2059,2050,2048,2025,2038,2051,2029,2031
2048,2042,2041,2023,2039,2054,2041,2032
2062,2051,2051,2029,2041,2043,2038,2036
2058,2044,2052,2021,2028,2051,2038,2025
2052,2041,2045,2020,2026,2055,2050,2016
2044,2045,2045,2026,2040,2049,2050,2020
2051,2051,2053,2031,2051,2042,2070,2024
2040,2045,2049,2031,2054,2023,2056,2027
2044,2041,2051,2041,2064,2033,2060,2037
2031,2039,2047,2040,2056,2058,2067,2035
2031,2035,2044,2049,2080,2079,2097,2049
2035,2034,2050,2053,2121,2078,2106,2065
2036,2042,2044,2050,2134,2083,2104,2075
2041,2041,2044,2057,2133,2085,2095,2082
2042,2048,2047,2051,2100,2089,2102,2095
2051,2054,2051,2053,2072,2111,2114,2100
2055,2052,2052,2046,2064,2133,2104,2093
2054,2052,2046,2039,2028,2091,2089,2090
2052,2056,2044,2023,1948,2039,2089,2092
2048,2054,2050,2014,1956,2042,2083,2085
2054,2057,2049,2022,1961,2048,2091,2070
2054,2056,2045,2026,1967,2032,2074,2068
2052,2054,2050,2027,1983,2022,2077,2062
2052,2049,2045,2037,2026,2062,2076,2053
2057,2054,2047,2053,2076,2107,2077,2045
2058,2066,2051,2060,2078,2102,2072,2040
2059,2066,2054,2059,2060,2059,2048,2034
2066,2074,2059,2064,2053,2044,2024,2017
2058,2069,2058,2074,2061,2011,2005,2020
2062,2066,2062,2077,2064,1986,2008,2029
2051,2062,2059,2068,2056,1982,2002,2029
2054,2063,2054,2065,2064,1991,1998,2027
2053,2064,2050,2071,2077,2012,2013,2018
2046,2049,2037,2067,2078,2033,2025,2015
2054,2050,2052,2069,2068,2042,2033,2021
2051,2058,2055,2072,2072,2046,2021,2023
2045,2059,2047,2070,2063,2039,2020,2026
2046,2053,2048,2054,2055,2025,2023,2024
2043,2046,2044,2042,2051,2034,2009,2023
2049,2051,2045,2033,2051,2046,2018,2042
2048,2056,2048,2033,2057,2054,2038,2038
2049,2054,2049,2027,2056,2050,2050,2042
2053,2061,2050,2026,2049,2045,2065,2057
2060,2058,2050,2027,2046,2043,2072,2066
2058,2057,2060,2033,2048,2043,2080,2080
2057,2058,2054,2035,2052,2048,2066,2087
2045,2054,2061,2042,2054,2036,2040,2086
2052,2054,2060,2039,2050,2030,2024,2076
2047,2047,2052,2032,2032,2019,2017,2078
2040,2038,2040,2022,2007,2016,2006,2078
2042,2036,2041,2027,2008,2015,2025,2082
2046,2041,2045,2034,2043,2037,2037,2074
2046,2049,2046,2028,2055,2038,2027,2072
2046,2049,2052,2039,2091,2058,2037,2070
2059,2063,2062,2059,2146,2094,2062,2081
2064,2068,2065,2073,2172,2110,2057,2075
2067,2068,2069,2086,2180,2120,2062,2072
2071,2069,2068,2080,2142,2100,2032,2059
2070,2064,2070,2064,2084,2080,2045,2046
2063,2057,2058,2055,1961,2054,2050,2044
2065,2056,2056,2046,1907,2051,2054,2040
2063,2055,2058,2043,1961,2053,2039,2041
2061,2060,2063,2056,2006,2046,2051,2044
2064,2060,2060,2056,2041,2041,2043,2036
2057,2059,2047,2055,2044,2030,2036,2020
2054,2046,2043,2051,2038,2008,2019,2018
2045,2045,2043,2052,2033,2016,2016,2019
2052,2053,2050,2057,2037,2045,2032,2039
2061,2056,2047,2055,2041,2044,2031,2036
2057,2058,2047,2056,2037,2031,2017,2038
2052,2056,2043,2050,2040,2040,2039,2040
2047,2047,2040,2048,2019,2045,2036,2041
2050,2049,2045,2049,2026,2078,2051,2044
2058,2054,2046,2053,2041,2099,2065,2057
2056,2054,2047,2053,2036,2080,2049,2062
2055,2053,2046,2050,2026,2062,2039,2070
2061,2049,2051,2052,2026,2058,2067,2073
2051,2050,2049,2049,2037,2059,2065,2075
2052,2043,2044,2046,2038,2043,2045,2075
2047,2039,2037,2038,2027,2024,2032,2080
2048,2040,2037,2036,2016,2017,2038,2082
2043,2030,2031,2036,2009,2015,2042,2081
2047,2033,2041,2041,2010,2029,2061,2086
2050,2042,2051,2050,2015,2032,2062,2083
2058,2049,2052,2051,2012,2040,2032,2082
2050,2050,2056,2056,2035,2052,2060,2079
2058,2056,2062,2066,2064,2059,2052,2074
2055,2051,2060,2074,2073,2058,2039,2057
2053,2044,2058,2070,2068,2058,2038,2055
2053,2043,2062,2076,2068,2071,2045,2050
2055,2046,2057,2074,2061,2081,2061,2054
2058,2051,2055,2067,2060,2101,2075,2053
2058,2047,2045,2053,2060,2099,2079,2051
2067,2052,2049,2047,2047,2082,2060,2048
2058,2054,2050,2045,2040,2058,2058,2036
2057,2047,2053,2048,2034,2056,2043,2028
2052,2041,2048,2040,2036,2056,2032,2023
2050,2035,2042,2025,2021,2045,2035,2020
2032,2031,2031,2010,2022,2042,2032,2016
2035,2029,2033,2008,2033,2046,2041,2032
2046,2034,2042,2014,2043,2052,2043,2036
2046,2040,2042,2023,2051,2056,2062,2045
2043,2037,2044,2018,2056,2064,2047,2054
2054,2041,2044,2020,2068,2071,2062,2054
2060,2045,2047,2019,2075,2072,2061,2059
2060,2050,2051,2030,2060,2070,2069,2064
2061,2049,2055,2030,2054,2073,2060,2076
2062,2055,2052,2037,2047,2068,2069,2080
2062,2055,2053,2039,2049,2066,2059,2087
2063,2055,2046,2042,2035,2067,2066,2086
2065,2057,2049,2040,2017,2069,2079,2089
2066,2059,2042,2026,1970,2064,2064,2092
2059,2051,2042,2016,1930,2057,2069,2098
2061,2053,2041,2022,1981,2052,2045,2096
2051,2033,2034,2029,2024,2048,2042,2087
2046,2039,2040,2045,2063,2045,2046,2091
2049,2046,2045,2048,2069,2045,2043,2081
2060,2045,2050,2057,2073,2052,2050,2075
2058,2046,2051,2042,2060,2042,2031,2062
2052,2045,2051,2042,2061,2039,2032,2054
2045,2046,2052,2045,2055,2039,2038,2050
2048,2048,2053,2045,2050,2038,2024,2045
2048,2050,2051,2041,2021,2034,2035,2044
2040,2044,2052,2032,1961,2033,2045,2046
2042,2042,2051,2026,1987,2028,2037,2038
2045,2041,2049,2035,2054,2039,2041,2044
2042,2040,2048,2043,2063,2045,2047,2055
2045,2049,2048,2051,2071,2052,2042,2051
2048,2047,2057,2054,2056,2051,2051,2050
2052,2050,2053,2050,2044,2050,2052,2047
2045,2042,2046,2037,2063,2043,2020,2045
2043,2040,2043,2041,2049,2039,2014,2040
2047,2047,2044,2031,2024,2052,2022,2038
2047,2044,2044,2033,2038,2086,2023,2039
2050,2042,2046,2035,2028,2104,2057,2039
2053,2052,2048,2040,2044,2096,2061,2052
2049,2050,2050,2047,2076,2077,2058,2052
2051,2046,2053,2051,2083,2025,2056,2062
2053,2053,2055,2063,2095,2022,2061,2064
2057,2047,2056,2072,2113,2064,2065,2062
2053,2045,2058,2080,2110,2080,2066,2072
2061,2046,2060,2076,2075,2080,2062,2071
2045,2048,2053,2059,2026,2035,2040,2073
2048,2041,2047,2053,2017,1996,2040,2077
2046,2036,2044,2037,2027,1980,2031,2079
2038,2034,2037,2022,2019,1986,2023,2072
2033,2025,2036,2034,2043,2024,2039,2075
2031,2032,2039,2050,2099,2075,2044,2080
2045,2045,2051,2051,2124,2085,2029,2082
2042,2046,2047,2045,2159,2089,2037,2078
2042,2045,2048,2054,2178,2077,2043,2074
2049,2047,2054,2061,2138,2076,2034,2076
2053,2051,2058,2071,2140,2088,2030,2068
2052,2049,2059,2072,2161,2112,2034,2064
2050,2052,2062,2079,2151,2117,2052,2060
2056,2051,2064,2080,2130,2127,2056,2062
2054,2053,2060,2072,2060,2128,2075,2059
2057,2050,2059,2052,1980,2096,2067,2054
2054,2043,2052,2039,2027,2067,2058,2046
2046,2041,2046,2016,2031,2059,2059,2053
2045,2036,2039,2019,2028,2040,2067,2052
2044,2033,2035,2012,2024,1997,2046,2038
2035,2026,2028,2004,1982,1977,2019,2032
2038,2025,2033,2015,1969,1996,2039,2033
2040,2038,2045,2036,2019,2018,2034,2036
2043,2041,2046,2046,2060,2047,2035,2021
2036,2037,2045,2046,2014,2013,2029,2024
2045,2046,2052,2026,1897,1997,2019,2021
2052,2054,2050,2031,1940,2034,2019,2026
2052,2057,2058,2048,1977,2079,2033,2047
2052,2056,2060,2067,2014,2038,2025,2064
2059,2054,2061,2065,2021,1979,2048,2081
2058,2056,2061,2069,2059,1982,2048,2074
2045,2049,2060,2075,2086,2011,2061,2082
2049,2046,2059,2070,2092,2026,2064,2087
2051,2051,2059,2066,2102,2069,2069,2091
2057,2055,2062,2062,2147,2128,2066,2099
2058,2064,2069,2077,2196,2180,2084,2105
2058,2059,2063,2082,2201,2197,2072,2100
2057,2059,2063,2075,2147,2184,2060,2106
2059,2065,2062,2054,2077,2207,2056,2102
2067,2069,2066,2039,2025,2160,2050,2113
2072,2066,2062,2006,1835,2024,2016,2095
2067,2054,2055,1978,1799,1890,2016,2079
2045,2039,2042,1983,1821,1875,1991,2059
2035,2023,2031,2005,1808,1925,1990,2034
2027,2012,2026,2034,2000,1990,2002,2031
2028,2010,2033,2051,2125,2030,2018,2041
2041,2024,2048,2058,2141,2034,2046,2043
2045,2027,2040,2042,2136,2002,2036,2027
2037,2027,2037,2027,2122,1985,2028,2012
2025,2020,2029,2008,2069,1975,1996,2012
2025,2018,2027,2013,1998,1981,2000,2010
2028,2027,2039,2034,2000,2023,2020,2004
2022,2019,2041,2062,2071,2066,2034,2015
2022,2027,2053,2093,2148,2113,2042,2033
2038,2045,2057,2098,2195,2088,2034,2036
2033,2040,2058,2099,2184,2041,2035,2042
2037,2044,2056,2082,2137,2000,2030,2046
2040,2041,2053,2073,2097,1979,2029,2053
2043,2042,2049,2066,2081,2001,2032,2063
2050,2032,2039,2046,1956,2012,2042,2049
2047,2033,2043,2051,1938,2024,2037,2056
2038,2039,2049,2059,1988,2013,2045,2060
2040,2034,2046,2043,1945,2005,2030,2063
2035,2032,2039,2007,1859,2004,2029,2062
2031,2025,2038,1993,1954,2012,2030,2065
2029,2033,2039,2011,2038,2036,2040,2077
2035,2029,2038,2027,2069,2060,2064,2072
2035,2025,2036,2033,2067,2056,2034,2067
2029,2021,2018,2039,2111,2052,2036,2065
2035,2020,2035,2060,2158,2069,2044,2076
2042,2036,2045,2062,2099,2062,2063,2083
2054,2044,2043,2046,2033,2039,2070,2088
2052,2042,2048,2041,1974,2012,2066,2084
2056,2052,2050,2043,1986,2005,2042,2081
2061,2061,2049,2035,2013,2037,2035,2070
2062,2059,2052,2027,2021,2076,2051,2068
2062,2066,2054,2023,2000,2077,2043,2066
2059,2064,2048,2024,2003,2082,2038,2060
2056,2063,2061,2042,2040,2086,2048,2052
2062,2059,2076,2066,2075,2066,2061,2047
2062,2060,2081,2072,2105,2050,2061,2063
2056,2056,2084,2059,2006,2030,2076,2055
2056,2048,2066,2028,1839,2016,2056,2053
2051,2038,2063,2059,1981,2018,2053,2044
2043,2036,2063,2093,2118,2028,2067,2044
2042,2038,2065,2112,2209,2045,2076,2044
2046,2048,2065,2116,2213,2056,2066,2041
2041,2048,2058,2098,2144,2068,2069,2047
2036,2038,2046,2090,2102,2096,2057,2054
2048,2043,2047,2080,2081,2110,2064,2051
2057,2046,2043,2060,2024,2095,2050,2057
2052,2056,2047,2061,2060,2098,2078,2062
2057,2056,2045,2053,2033,2090,2075,2053
2048,2047,2039,2024,2016,2061,2052,2058
2044,2046,2039,2029,2024,2043,2033,2064
2056,2039,2038,2025,2007,2041,2035,2075
2054,2044,2036,2019,1991,2024,2052,2079
2057,2044,2034,2003,1964,2011,2046,2082
2057,2043,2029,1996,1959,1987,2031,2092
2062,2049,2034,2008,1978,1954,2021,2101
2057,2044,2036,2021,2066,1976,1999,2095
2051,2037,2037,2049,2188,1986,1972,2085
2039,2035,2052,2076,2256,2020,1983,2088
2040,2043,2056,2104,2317,2053,2001,2085
2039,2042,2064,2114,2333,2069,2002,2086
2046,2050,2078,2105,2258,2074,2010,2079
2044,2052,2074,2089,2146,2067,2031,2065
2049,2049,2065,2061,2043,2044,2034,2057
2044,2046,2062,2027,1870,2012,2036,2043
2043,2046,2054,2000,1725,1996,2028,2045
2041,2041,2051,2008,1770,1993,2029,2046
2044,2038,2053,2004,1775,1973,2030,2047
2045,2033,2038,1979,1777,1982,2032,2032
2032,2029,2025,1979,1896,1999,2016,2017
2021,2029,2027,2000,1982,2011,2022,2016
2024,2028,2029,2005,2010,2024,2016,2017
2035,2033,2040,2035,2048,2034,2014,2020
2034,2040,2048,2052,2098,2023,2025,2036
2047,2050,2061,2081,2177,2066,2052,2052
2062,2054,2063,2100,2188,2096,2052,2055
2060,2057,2061,2085,2140,2089,2069,2053
2056,2057,2062,2079,2094,2084,2059,2056
2057,2053,2065,2077,2035,2076,2061,2055
2057,2054,2059,2069,1954,2060,2045,2061
2055,2053,2056,2061,1917,2075,2054,2063
2056,2053,2054,2064,2005,2132,2059,2074
2055,2054,2051,2082,2065,2173,2081,2083
2064,2061,2069,2108,2146,2202,2088,2093
2062,2069,2072,2121,2150,2205,2103,2090
2059,2065,2063,2104,2135,2123,2082,2088
2055,2055,2054,2074,2144,1995,2047,2085
2057,2043,2040,2020,2047,1962,2036,2079
2040,2037,2029,1987,1952,1971,2027,2081
2032,2040,2029,1996,1846,1956,2008,2087
2039,2046,2037,1961,1699,1965,1996,2081
2042,2052,2045,1989,1752,1991,2016,2070
2053,2050,2044,2021,1937,2020,2033,2069
2045,2053,2046,2053,2048,2056,2020,2057
2047,2055,2051,2048,2067,2052,2012,2052
2046,2046,2042,2047,2116,2050,2023,2039
2034,2035,2041,2064,2180,2053,2036,2036
2032,2032,2038,2073,2229,2049,2060,2025
2032,2030,2045,2071,2212,2046,2042,2024
2026,2031,2044,2068,2144,2056,2039,2029
2038,2039,2045,2052,2057,2049,2047,2028
2046,2042,2045,2041,2021,2049,2030,2032
2048,2047,2056,2044,2032,2056,2033,2037
2055,2054,2054,2044,2052,2068,2051,2033
2056,2051,2050,2044,2037,2078,2050,2029
2044,2043,2035,2032,2022,2093,2060,2027
2041,2030,2028,2030,2030,2115,2048,2017
2043,2037,2031,2032,2079,2110,2035,2020
2037,2034,2032,2038,2144,2080,2041,2023
2043,2045,2047,2055,2189,2028,2020,2031
2049,2061,2060,2061,2175,2029,2041,2033
2045,2068,2072,2070,2179,2070,2061,2050
2057,2070,2074,2080,2123,2080,2058,2051
2053,2064,2068,2073,2028,2016,2035,2059
2054,2054,2063,2085,2002,2010,2049,2072
2061,2058,2071,2104,1991,2018,2049,2074
2053,2054,2066,2069,1893,2011,2046,2077
2044,2042,2054,2055,1944,2037,2049,2075
2048,2049,2059,2068,2035,2066,2051,2078
2044,2053,2060,2088,2185,2087,2048,2072
2041,2045,2063,2095,2182,2071,2062,2065
2039,2043,2057,2094,2081,2036,2041,2055
2030,2038,2056,2072,1998,2019,2031,2049
2032,2042,2052,2045,1899,1996,2025,2037
2022,2032,2036,2021,1959,1986,2011,2035
2021,2035,2037,2037,2097,2007,1994,2035
2023,2038,2046,2051,2104,2016,1997,2033
2028,2046,2050,2061,2183,2039,2012,2036
2036,2054,2052,2070,2203,2051,2022,2036
2037,2050,2055,2071,2189,2051,2031,2024
2033,2044,2044,2066,2170,2056,2036,2023
2033,2038,2033,2042,2104,2051,2029,2015
2027,2030,2025,2022,1995,2046,2039,2013
2026,2032,2024,1999,1873,2033,2034,2016
2029,2034,2031,1996,1872,2036,2054,2013
2038,2037,2034,2017,1972,2073,2066,2018
2029,2032,2031,2024,2041,2098,2060,2010
2016,2026,2026,2019,2029,2093,2075,2010
2025,2033,2032,2030,2007,2105,2059,2032
2040,2045,2037,2032,1965,2089,2070,2033
2044,2051,2042,2038,1974,2077,2089,2053
2055,2052,2053,2034,1975,2063,2086,2054
2047,2048,2044,2003,1996,2046,2068,2054
2042,2044,2050,2025,2069,2068,2053,2063
2056,2049,2057,2054,2136,2078,2046,2054
2045,2058,2066,2062,2140,2060,2051,2058
2034,2056,2052,2061,2168,2043,2040,2048
2026,2051,2045,2060,2202,2039,2034,2047
2015,2042,2045,2074,2220,2059,2045,2054
2020,2045,2050,2053,2046,2047,2041,2051
2018,2041,2032,1990,1791,2016,2011,2028
2010,2037,2029,1986,1942,2012,1993,2018
2013,2032,2031,2016,2072,2026,1982,2017
2004,2029,2031,2036,2146,2060,2004,2010
2011,2035,2036,2058,2224,2088,2015,2012
2017,2034,2036,2087,2329,2094,2039,2011
2020,2028,2038,2100,2330,2081,2034,2020
2019,2024,2038,2114,2298,2072,2026,2009
2018,2035,2040,2106,2254,2042,2027,2005
2028,2031,2038,2076,2102,2015,2024,2005
2035,2036,2027,2046,1950,2003,2051,2018
2039,2044,2029,2053,1961,2005,2057,2033
2041,2036,2025,2047,1934,2009,2048,2036
2040,2032,2021,2009,1827,2019,2047,2062
2044,2035,2014,2021,1906,2056,2060,2078
2052,2035,2019,2029,1957,2087,2079,2092
2060,2044,2029,2037,1970,2094,2080,2075
2059,2050,2040,2040,1970,2086,2071,2062
2053,2048,2028,2035,1991,2055,2052,2053
2045,2036,2029,2037,2017,2004,2035,2040
2040,2038,2035,2045,2036,1993,2048,2041
2047,2045,2040,2043,2024,2013,2044,2037
2045,2047,2045,2034,2023,2045,2056,2045
2049,2051,2055,2036,2035,2042,2050,2052
2058,2043,2049,2044,2050,2024,2041,2050
2052,2050,2067,2042,2060,1999,2034,2055
2045,2054,2087,2059,2075,1991,2022,2058
2052,2057,2085,2063,2053,2009,2037,2072
2045,2056,2079,2043,2003,2025,2057,2075
2048,2055,2080,2034,1939,2042,2069,2085
2054,2056,2081,2047,1946,2058,2063,2090
2049,2058,2082,2046,1956,2072,2080,2099
2052,2059,2083,2058,1952,2076,2088,2101
2053,2070,2082,2050,1917,2056,2077,2096
2047,2056,2070,2036,1865,2009,2057,2081
2035,2043,2057,2044,1938,2000,2050,2084
2045,2040,2046,2080,2142,2038,2031,2079
2045,2037,2041,2095,2237,2065,2050,2075
2041,2036,2039,2118,2279,2115,2066,2078
2047,2045,2032,2117,2272,2149,2079,2080
2049,2043,2024,2074,2147,2151,2081,2073
2046,2039,2009,2030,2048,2118,2067,2057
2042,2044,2017,2024,2082,2074,2075,2051
2042,2046,2031,2030,2079,1946,2047,2045
2047,2049,2038,2022,2052,1912,2042,2035
2049,2044,2039,2031,2075,1967,2057,2022
2041,2054,2042,2038,2108,2002,2050,2016
2036,2056,2045,2053,2136,2016,2026,2009
2037,2057,2048,2051,2128,2030,2024,2007
2044,2052,2038,2048,2091,2038,2027,1998
2028,2041,2030,2010,1928,2045,2014,1981
2010,2016,2017,2014,1968,2084,2018,1974
2001,2015,2015,2005,1967,2118,2020,1967
2008,2032,2029,2002,1985,2100,2024,1980
2024,2039,2040,2014,2049,2102,2035,1996
2031,2045,2050,2020,2053,2069,2048,2012
2042,2049,2060,2034,2038,2036,2069,2033
2054,2057,2069,2060,2076,2031,2088,2054
2058,2062,2072,2066,2080,2048,2083,2056
2050,2063,2068,2063,2100,2050,2082,2057
2050,2053,2061,2062,2098,2060,2079,2065
2048,2051,2054,2062,2101,2068,2073,2065
2049,2045,2050,2064,2105,2072,2078,2085
2052,2047,2045,2069,2118,2066,2067,2099
2053,2046,2044,2071,2130,2058,2067,2096
2050,2041,2039,2064,2117,2035,2053,2083
2044,2039,2040,2064,2089,2018,2042,2080
2035,2026,2036,2048,2030,1984,2029,2079
2042,2033,2037,2044,1998,1963,2019,2080
2054,2051,2043,2032,1968,1956,2017,2067
2052,2047,2040,2034,1976,1990,2009,2065
2059,2059,2052,2049,2000,2023,2037,2078
2062,2064,2060,2055,2050,2044,2053,2076
2067,2062,2062,2064,2101,2067,2073,2067
2068,2070,2059,2073,2164,2081,2076,2062
2062,2066,2062,2064,2153,2080,2071,2059
2054,2058,2052,2051,2090,2055,2062,2049
2055,2056,2047,2042,2013,2032,2045,2045
2045,2048,2039,2034,1981,2051,2045,2041
2047,2041,2039,2060,2062,2102,2058,2036
2046,2052,2041,2093,2157,2146,2077,2036
2046,2050,2047,2078,2027,2120,2056,2035
2041,2046,2049,2055,1950,2099,2055,2026
2036,2030,2050,2064,2021,2099,2037,2022
2030,2030,2040,2053,2025,2092,2044,2020
2035,2034,2042,2057,2007,2100,2044,2022
2038,2042,2037,2058,2002,2076,2065,2022
2040,2039,2037,2062,2021,2056,2054,2026
2041,2037,2036,2058,2032,2027,2050,2037
2042,2043,2035,2073,2059,1983,2076,2053
2051,2053,2033,2085,2106,1994,2072,2063
2057,2054,2042,2090,2111,2030,2080,2054
2050,2052,2040,2091,2136,2054,2054,2048
2045,2046,2030,2077,2110,2060,2047,2041
2042,2044,2037,2082,2057,2047,2042,2058
2044,2048,2039,2079,2014,2030,2038,2065
2043,2049,2043,2068,2018,2024,2050,2070
2043,2050,2041,2061,2041,2026,2053,2072
2045,2052,2045,2060,2050,2027,2056,2076
2039,2051,2040,2055,2049,2028,2028,2074
2043,2053,2049,2052,2051,2043,2037,2081
2051,2065,2057,2054,2069,2054,2047,2082
2056,2062,2052,2048,2055,2065,2052,2072
2055,2064,2052,2044,2039,2082,2034,2078
2051,2063,2052,2046,2004,2078,2056,2077
2053,2060,2057,2043,1962,2058,2055,2056
2047,2060,2053,2040,1971,2044,2043,2043
2042,2055,2062,2048,2016,2028,2042,2045
2048,2062,2073,2065,2054,2034,2024,2049
2061,2073,2086,2078,2061,2066,2038,2045
2058,2077,2076,2071,2043,2064,2032,2034
2049,2064,2066,2064,2033,2066,2042,2029
2039,2061,2064,2058,2040,2065,2047,2025
2036,2057,2059,2064,2069,2087,2059,2026
2037,2048,2058,2076,2141,2098,2054,2027
2039,2039,2046,2082,2195,2114,2067,2031
2035,2041,2051,2084,2163,2102,2070,2040
2040,2049,2054,2076,2125,2115,2090,2044
2040,2047,2050,2056,2084,2115,2060,2047
2042,2048,2042,2062,2082,2089,2064,2041
2043,2049,2043,2060,2089,2061,2077,2049
2046,2050,2046,2064,2084,2059,2082,2051
2043,2043,2041,2070,2099,2071,2080,2050
2048,2044,2040,2072,2103,2061,2064,2052
2043,2043,2044,2066,2092,2042,2068,2051
2041,2049,2050,2070,2080,2022,2063,2042
2039,2051,2051,2072,2077,1990,2037,2039
2044,2046,2045,2070,2070,2019,2044,2054
2040,2042,2041,2056,2064,2050,2057,2070
2044,2055,2046,2067,2055,2054,2044,2073
2052,2066,2045,2062,2044,2008,2040,2077
2053,2056,2044,2051,2035,1991,2033,2064
2040,2052,2040,2050,2040,2004,2039,2071
2045,2056,2042,2045,2044,2016,2023,2072
2042,2051,2044,2048,2046,2026,2019,2066
2039,2047,2049,2048,2046,2035,2043,2062
2042,2055,2049,2044,2049,2033,2037,2062
2046,2050,2053,2050,2045,2035,2022,2057
2039,2052,2062,2057,2049,2034,2032,2051
2039,2047,2059,2064,2057,2044,2047,2051
2046,2051,2058,2066,2051,2050,2056,2042
2039,2051,2056,2071,2058,2049,2049,2040
2041,2049,2053,2070,2064,2049,2067,2029
2040,2050,2057,2068,2050,2048,2075,2030
2048,2048,2052,2061,2045,2044,2071,2028
2044,2048,2051,2058,2036,2046,2069,2023
2041,2051,2048,2058,2038,2043,2070,2021
2037,2051,2044,2047,2025,2033,2050,2021
2032,2043,2045,2054,2023,2037,2046,2020
2043,2055,2041,2059,2064,2055,2089,2025
2052,2062,2050,2059,2074,2064,2092,2029
2053,2063,2055,2065,2056,2060,2086,2030
2051,2064,2058,2066,2044,2068,2071,2038
2050,2066,2060,2061,2020,2056,2070,2033
2049,2057,2056,2064,2046,2055,2066,2036
2049,2061,2052,2063,2097,2048,2066,2034
2050,2062,2050,2062,2106,2042,2060,2040
2043,2060,2047,2046,2115,2030,2056,2049
2039,2055,2036,2027,2038,1997,2051,2048
2041,2056,2035,2029,1990,2005,2063,2062
2049,2053,2031,2060,2116,2038,2067,2073
2045,2054,2038,2089,2228,2062,2072,2077
2038,2050,2031,2082,2267,2061,2057,2070
2040,2046,2035,2083,2256,2065,2050,2062
2033,2040,2034,2077,2229,2084,2058,2061
2028,2038,2034,2085,2197,2118,2082,2077
2043,2055,2040,2085,2176,2134,2089,2078
2042,2045,2031,2025,1952,2102,2078,2070
2037,2035,2023,1991,1798,2072,2072,2063
2037,2042,2030,2019,1948,2081,2066,2056
2043,2049,2039,2041,2023,2089,2055,2046
2043,2054,2040,2055,2062,2049,2040,2046
2047,2060,2043,2064,2069,1972,2036,2042
2051,2056,2049,2066,2078,1947,2040,2037
2042,2056,2050,2066,2108,1969,2072,2034
2042,2046,2057,2068,2109,1981,2062,2026
2037,2049,2047,2064,2099,1987,2067,2027
2034,2046,2044,2052,1995,1998,2034,2027
2039,2047,2047,2048,1969,2017,2039,2021
2038,2054,2057,2057,1950,2028,2013,2020
2040,2060,2061,2063,1994,2022,2031,2009
2040,2049,2053,2067,1998,2026,2050,2017
2044,2057,2060,2080,2007,2052,2061,2027
2054,2067,2058,2090,2034,2077,2066,2023
2057,2066,2061,2084,2038,2084,2075,2029
2052,2066,2063,2080,2028,2072,2075,2033
2052,2063,2059,2062,2009,2054,2070,2035
2055,2061,2074,2062,2036,2054,2061,2047
2051,2066,2067,2079,2095,2052,2029,2044
2056,2071,2064,2078,2107,2031,2034,2043
2048,2062,2062,2075,2083,2014,2036,2051
2045,2062,2060,2066,2079,2018,2043,2059
2040,2060,2056,2074,2085,2038,2038,2068
2042,2065,2062,2080,2090,2049,2044,2078
2045,2072,2056,2077,2082,2066,2050,2077
2045,2067,2048,2065,2060,2084,2046,2076
2044,2061,2040,2053,2031,2072,2028,2069
2033,2045,2025,2032,1983,2056,2023,2071
2026,2043,2021,2011,1938,2004,2002,2070
2035,2056,2023,2009,1938,1967,2026,2076
2038,2062,2029,2026,2026,1977,2028,2075
2037,2060,2019,2021,2055,1999,2037,2059
2040,2058,2022,2028,2081,2021,2032,2062
2048,2062,2029,2038,2092,2038,2046,2056
2058,2063,2028,2037,2074,2042,2049,2056
2054,2060,2023,2027,2071,2053,2046,2055
2062,2059,2025,2039,2102,2063,2046,2043
2054,2056,2030,2052,2104,2056,2053,2039
2047,2056,2029,2050,2089,2064,2053,2040
2043,2056,2026,2056,2096,2061,2062,2039
2048,2052,2027,2053,2094,2054,2064,2036
2054,2051,2035,2056,2080,2049,2071,2036
2053,2057,2039,2056,2086,2048,2075,2033
2047,2049,2043,2043,2042,2032,2053,2025
2042,2049,2046,2031,1975,2018,2052,2025
2046,2052,2056,2031,2004,2017,2053,2030
2054,2062,2059,2040,2052,2022,2050,2031
2051,2060,2059,2050,2058,2026,2041,2031
2049,2062,2054,2047,2039,2030,2055,2028
2050,2058,2052,2043,2018,2029,2056,2039
2047,2054,2050,2045,2014,2032,2049,2044
2050,2053,2048,2052,2024,2042,2061,2042
2054,2057,2044,2057,2046,2058,2081,2045
2056,2058,2047,2057,2110,2059,2075,2051
2053,2054,2045,2059,2158,2052,2062,2050
2054,2057,2040,2064,2150,2037,2052,2065
2052,2056,2050,2057,2115,2036,2063,2071
2049,2052,2049,2047,2118,2049,2067,2080
2044,2049,2040,2045,2083,2042,2071,2082
2049,2045,2042,2034,1996,2022,2052,2070
2042,2043,2036,2024,1881,2018,2055,2066
2044,2055,2048,2036,1932,2040,2059,2076
2058,2066,2062,2051,1986,2047,2058,2081
2062,2067,2051,2051,2019,2015,2051,2072
2060,2065,2049,2058,2072,1963,2054,2065
2048,2065,2047,2061,2096,1954,2048,2071
2045,2057,2041,2053,2058,1962,2034,2069
2050,2058,2045,2063,2069,1999,2048,2061
2056,2064,2046,2062,2064,1999,2038,2050
2053,2059,2048,2049,2001,1991,2025,2045
2055,2053,2045,2038,1943,1964,2021,2037
2046,2048,2042,2028,1918,1953,2007,2030
2039,2045,2033,2028,1934,1981,2035,2020
2034,2043,2025,2030,1974,2009,2017,2006
2034,2031,2020,2030,2019,2076,2028,2007
2039,2040,2024,2043,2038,2169,2048,2010
2036,2043,2024,2052,2064,2200,2074,2008
2044,2050,2036,2056,2080,2162,2075,2020
2051,2061,2045,2068,2120,2065,2070,2027
2055,2056,2052,2080,2163,2035,2072,2033
2051,2065,2064,2073,2125,2040,2065,2030
2057,2065,2062,2063,2092,2041,2060,2033
2055,2070,2065,2055,2084,2040,2054,2040
2053,2063,2064,2059,2069,2042,2061,2039
2046,2058,2057,2048,2065,2042,2067,2052
2049,2063,2058,2051,2067,2039,2064,2047
2042,2054,2062,2056,2058,2038,2051,2065
2045,2060,2067,2060,2057,2041,2053,2071
2049,2057,2066,2052,2052,2046,2061,2076
2053,2060,2062,2051,2049,2046,2060,2082
2053,2065,2061,2056,2044,2042,2064,2086
2063,2070,2068,2060,2049,2041,2066,2086
2049,2058,2060,2052,2047,2046,2064,2080
2051,2055,2052,2044,2041,2050,2072,2088
2056,2061,2055,2042,2039,2059,2077,2085
2053,2052,2050,2048,2064,2078,2066,2082
2052,2055,2045,2052,2078,2082,2060,2079
2048,2055,2045,2053,2085,2082,2065,2073
2052,2054,2047,2054,2086,2077,2076,2072
2056,2056,2048,2058,2093,2078,2073,2068
2057,2055,2049,2051,2095,2078,2081,2062
2053,2054,2048,2044,2086,2066,2060,2056
2050,2056,2052,2050,2082,2057,2040,2050
2055,2057,2051,2047,2089,2041,2054,2043
2051,2060,2057,2042,2075,2017,2047,2042
2052,2060,2056,2046,2053,2002,2051,2042
2060,2061,2051,2053,2042,2013,2051,2035
2061,2059,2053,2057,2055,2027,2064,2030
2056,2051,2050,2049,2071,2045,2050,2029
2056,2047,2044,2044,2043,2036,2040,2032
2056,2053,2052,2043,1968,2034,2053,2030
2046,2050,2042,2045,1950,2027,2028,2038
2045,2047,2047,2040,1962,2022,2034,2034
2043,2046,2046,2037,1987,2023,2033,2034
2042,2050,2043,2035,2028,2040,2031,2031
2047,2045,2042,2047,2075,2060,2042,2038
2048,2046,2043,2071,2137,2072,2058,2052
2052,2046,2039,2068,2104,2056,2063,2058
2044,2049,2038,2057,2077,2048,2066,2061
2042,2051,2046,2050,2057,2036,2064,2065
2047,2052,2048,2055,2047,2027,2040,2074
2047,2044,2046,2048,2043,2033,2052,2079
2050,2050,2049,2047,2037,2035,2050,2080
2044,2047,2046,2039,2031,2033,2046,2076
2048,2046,2042,2047,2033,2023,2030,2072
2044,2041,2035,2045,2045,2023,2014,2080
2040,2048,2045,2048,2054,2030,2045,2088
2054,2054,2048,2049,2058,2035,2058,2091
2056,2058,2047,2054,2046,2045,2071,2088
2054,2060,2042,2051,2049,2058,2071,2080
2058,2059,2042,2050,2050,2064,2063,2071
2058,2060,2041,2039,2037,2060,2052,2062
2059,2050,2039,2020,2017,2056,2050,2054
2058,2052,2043,2032,2057,2066,2057,2059
2052,2055,2039,2049,2057,2073,2064,2052
2052,2050,2042,2057,2049,2064,2055,2045
2055,2047,2040,2047,2010,2022,2049,2038
2046,2046,2033,2044,2021,2018,2042,2040
2052,2051,2040,2047,2023,2028,2055,2040
2053,2057,2051,2049,2022,2032,2031,2039
2054,2055,2047,2045,2037,2031,2045,2034
2047,2042,2038,2026,1983,2020,2031,2034
2044,2048,2041,2038,1983,2040,2037,2042
2060,2062,2054,2064,2002,2065,2055,2044
2063,2061,2051,2065,2023,2073,2040,2055
2053,2055,2045,2053,1999,2070,2042,2046
2054,2049,2054,2041,1979,2042,2037,2044
2048,2051,2053,2036,1955,2010,2043,2046
2054,2052,2056,2032,2007,2022,2017,2049
2047,2052,2068,2052,2093,2043,2022,2056
2058,2054,2081,2109,2256,2067,2054,2064
2058,2064,2092,2124,2297,2092,2033,2075
2060,2061,2091,2122,2299,2088,2066,2068
2066,2066,2093,2122,2262,2076,2040,2074
2063,2069,2087,2124,2229,2054,2039,2086
2056,2067,2082,2127,2188,2052,2041,2084
2052,2055,2066,2094,2127,2042,2045,2076
2036,2036,2050,2019,1837,1999,2019,2073
2037,2033,2031,1977,1712,1998,2039,2084
2042,2048,2045,2019,1861,2038,2065,2087
2044,2053,2050,2043,1889,2048,2062,2087
2045,2045,2047,2060,1947,2062,2061,2079
2054,2051,2045,2060,1967,2053,2052,2061
2054,2058,2041,2049,1945,2042,2047,2055
2049,2059,2036,2026,1893,2050,2042,2042
2045,2060,2034,2008,1907,2023,2020,2038
2043,2052,2021,2012,2005,2023,2015,2034
2042,2052,2019,2018,2056,2023,2024,2028
2043,2047,2025,2026,2073,1992,2014,2038
2052,2052,2018,2037,2138,2005,2002,2043
2056,2059,2019,2052,2173,2045,2019,2051
2072,2054,2032,2059,2167,2068,2024,2048
2068,2057,2033,2051,2116,2070,2022,2042
2064,2053,2034,2041,2078,2054,2027,2040
2057,2045,2034,2041,2096,2027,2029,2042
2056,2050,2036,2044,2112,2041,2060,2038
2056,2045,2044,2050,2133,2049,2046,2043
2055,2050,2045,2043,2136,2050,2062,2046
2056,2056,2046,2043,2104,2051,2046,2040
2059,2059,2046,2040,2064,2066,2054,2041
2052,2055,2042,2040,1973,2061,2040,2041
2050,2055,2041,2029,1910,2049,2038,2046
2049,2048,2039,2037,1961,2054,2048,2049
2056,2056,2043,2047,2011,2075,2079,2060
2060,2057,2047,2060,2073,2094,2081,2066
2060,2056,2047,2060,2076,2098,2078,2077
2056,2048,2042,2055,2047,2096,2076,2077
2053,2048,2040,2050,2026,2077,2068,2086
2053,2046,2042,2055,2007,2050,2029,2081
2051,2051,2044,2050,2012,2055,2011,2077
2046,2041,2041,2045,2015,2069,2026,2079
2045,2037,2040,2048,2022,2070,2008,2074
2046,2050,2045,2051,2028,2073,2024,2077
2048,2052,2050,2049,2021,2047,2009,2076
2050,2054,2044,2049,2026,2003,2022,2070
2049,2052,2046,2049,2027,2002,2016,2067
2053,2058,2042,2045,2031,2016,2025,2056
2055,2061,2048,2052,2025,2016,2038,2053
2055,2058,2050,2049,2028,2020,2031,2051
2053,2058,2053,2048,2027,2022,2032,2040
2056,2060,2052,2052,2024,2032,2032,2035
2054,2055,2048,2045,2021,2034,2045,2037
2057,2058,2048,2046,2023,2045,2034,2032
2055,2056,2050,2048,2020,2044,2039,2029
2052,2054,2048,2049,2028,2048,2039,2026
2058,2054,2053,2046,2031,2042,2047,2031
2051,2047,2040,2049,2030,2040,2033,2018
2046,2043,2042,2046,2025,2045,2011,2025
2053,2054,2051,2055,2032,2044,2026,2035
2059,2056,2053,2056,2030,2042,2034,2031
2053,2050,2050,2059,2027,2041,2043,2036
2054,2051,2055,2059,2033,2037,2041,2034
2053,2057,2057,2055,2038,2039,2051,2044
2055,2054,2053,2056,2039,2036,2035,2046
2055,2059,2059,2053,2036,2034,2030,2050
2051,2054,2052,2052,2031,2035,2036,2056
2052,2052,2052,2057,2039,2038,2033,2061
2061,2047,2057,2056,2040,2052,2041,2068
2054,2054,2049,2056,2034,2054,2059,2074
2058,2051,2051,2057,2040,2052,2061,2081
2059,2048,2052,2059,2035,2047,2045,2081
2056,2051,2050,2056,2038,2050,2046,2076
2046,2046,2043,2049,2042,2058,2056,2082
2055,2041,2038,2051,2040,2069,2064,2088
2052,2049,2045,2055,2038,2069,2053,2082
2055,2052,2049,2054,2023,2064,2056,2078
2052,2053,2048,2051,2011,2062,2057,2068
2051,2053,2044,2051,2008,2073,2060,2071
2049,2057,2045,2055,2010,2090,2044,2064
2050,2056,2044,2050,2019,2086,2053,2062
2049,2061,2050,2056,2015,2080,2065,2070
2061,2061,2046,2055,2007,2052,2047,2063
2064,2063,2053,2055,2009,2026,2042,2051
2060,2066,2045,2054,2005,2036,2026,2045
2060,2054,2045,2041,1990,2055,2013,2034
2048,2043,2038,2034,1979,2081,2012,2030
2056,2045,2035,2034,1901,2083,2036,2027
2052,2044,2036,2040,1910,2091,2018,2021
2040,2038,2032,2032,1918,2068,2030,2026
2042,2035,2032,2052,1971,2044,2050,2040
2051,2049,2052,2091,2037,2053,2054,2038
2052,2047,2050,2062,1978,2048,2029,2020
2041,2044,2036,2013,2036,2043,2007,2010
2040,2037,2030,2028,2132,2081,2015,2014
2042,2042,2038,2049,2177,2148,2027,2030
2054,2051,2048,2060,2130,2145,2056,2042
2061,2058,2053,2072,2075,2046,2064,2061
2064,2062,2053,2078,2094,2023,2062,2060
2052,2056,2041,2057,2049,1971,2030,2050
2038,2038,2027,2019,1977,1895,2010,2058
2039,2053,2039,2037,2073,1925,2030,2066
2050,2055,2044,2047,2086,1949,2034,2083
2062,2061,2054,2054,2033,1990,2054,2090
2054,2059,2056,2045,2018,2008,2050,2087
2052,2053,2046,2028,1988,2005,2029,2074
2045,2043,2040,2015,1957,1998,2019,2072
2044,2049,2040,2004,1956,2010,2028,2066
2046,2047,2045,2013,2004,2028,2034,2065
2049,2059,2055,2040,2093,2071,2049,2070
2057,2062,2065,2079,2186,2101,2065,2073
2056,2061,2058,2081,2171,2094,2041,2068
2053,2058,2049,2076,2138,2082,2058,2055
2056,2054,2055,2068,2115,2070,2059,2049
2059,2051,2054,2060,2071,2037,2056,2041
2059,2050,2049,2054,2034,2019,2048,2034
2054,2050,2048,2055,2038,2027,2052,2041
2053,2052,2052,2060,2032,2028,2057,2035
2056,2049,2053,2056,2043,2037,2051,2023
2056,2047,2055,2053,2042,2042,2045,2021
2053,2045,2054,2055,2038,2048,2051,2026
2053,2047,2050,2046,2017,2054,2026,2019
2049,2046,2042,2046,2017,2053,2046,2026
2048,2044,2040,2055,2028,2054,2038,2026
2054,2047,2040,2046,2058,2043,2051,2022
2048,2044,2042,2053,2060,2040,2049,2021
2057,2049,2050,2059,2054,2040,2046,2026
2046,2049,2054,2059,2051,2045,2059,2038
2050,2048,2057,2052,2052,2048,2058,2041
2055,2057,2052,2067,2083,2071,2058,2055
2057,2061,2052,2064,2112,2083,2060,2058
2059,2061,2057,2068,2107,2090,2085,2065
2058,2058,2060,2065,2084,2076,2070,2066
2055,2053,2051,2057,2048,2051,2072,2073
2045,2049,2046,2052,2052,2043,2063,2075
2048,2046,2046,2057,2044,2033,2070,2072
2048,2045,2039,2048,2041,2036,2044,2077
2046,2035,2036,2050,2041,2027,2038,2082
2047,2033,2036,2047,2043,2030,2045,2080
2054,2040,2048,2051,2043,2038,2061,2080
2057,2044,2048,2044,2046,2030,2062,2085
2056,2045,2042,2053,2045,2017,2060,2073
2054,2046,2044,2050,2042,2030,2052,2073
2058,2047,2048,2053,2035,2041,2050,2067
2054,2047,2048,2055,2032,2035,2047,2062
2056,2047,2052,2048,2034,2042,2056,2054
2062,2047,2046,2055,2035,2048,2064,2050
2055,2044,2046,2051,2038,2056,2063,2045
2050,2048,2046,2050,2036,2051,2057,2035
2049,2044,2045,2056,2042,2046,2060,2028
2042,2046,2042,2051,2046,2041,2050,2026
2044,2040,2045,2050,2055,2041,2056,2023
2042,2046,2049,2054,2052,2038,2064,2025
2051,2046,2040,2046,2045,2025,2057,2025
2044,2037,2038,2041,2044,2032,2057,2025
2044,2035,2039,2045,2044,2045,2073,2029
2052,2043,2038,2046,2039,2045,2071,2035
2044,2041,2046,2049,2049,2036,2045,2027
2047,2040,2049,2048,2045,2036,2046,2032
2048,2040,2043,2053,2049,2046,2055,2033
2040,2042,2042,2055,2042,2049,2043,2043
2043,2037,2046,2051,2043,2051,2060,2045
2038,2035,2043,2046,2045,2058,2066,2053
2046,2033,2043,2050,2040,2065,2065,2056
2039,2033,2045,2049,2045,2069,2072,2052
2040,2031,2043,2051,2052,2065,2070,2060
2043,2031,2043,2051,2047,2044,2064,2064
2042,2037,2043,2053,2059,2032,2055,2072
2041,2035,2041,2057,2067,2031,2044,2076
2042,2034,2045,2057,2065,2028,2050,2071
2036,2028,2037,2048,2052,2021,2045,2066
2040,2032,2043,2048,2037,2018,2052,2082
2045,2045,2047,2050,2060,2016,2060,2079
2049,2042,2046,2057,2051,2001,2040,2086
2052,2047,2058,2049,2029,1990,2035,2071
2056,2048,2050,2035,1975,1994,2024,2057
2053,2050,2049,2045,2064,2022,2045,2050
2052,2052,2048,2052,2157,2051,2044,2044
2042,2046,2044,2064,2220,2087,2029,2041
2048,2041,2038,2050,2196,2088,2018,2036
2043,2039,2037,2040,2137,2085,2050,2040
2049,2043,2044,2060,2146,2082,2061,2045
2053,2045,2043,2063,2128,2070,2060,2030
2050,2045,2044,2028,1931,2043,2049,2018
2051,2049,2045,2003,1750,2038,2050,2024
2054,2052,2047,2021,1846,2056,2069,2028
2058,2045,2043,2030,1901,2056,2073,2040
2054,2044,2042,2034,1930,2060,2068,2040
2056,2044,2052,2048,1952,2060,2036,2031
2050,2039,2044,2047,1974,2056,2037,2033
2045,2042,2046,2043,1974,2029,2037,2026
2045,2036,2046,2047,2021,2037,2036,2033
2049,2041,2050,2060,2050,2046,2051,2041
2056,2043,2054,2062,2039,2033,2057,2050
2053,2044,2051,2044,2033,2033,2070,2046
2054,2047,2054,2051,2054,2050,2080,2057
2054,2050,2059,2059,2058,2058,2074,2057
2050,2054,2062,2061,2042,2057,2072,2066
2045,2049,2057,2056,2043,2050,2063,2077
2052,2042,2047,2054,2043,2063,2062,2082
2051,2040,2052,2054,2041,2073,2081,2088
2052,2046,2053,2049,2040,2092,2064,2087
2045,2035,2046,2039,2038,2095,2059,2077
2047,2037,2044,2040,2041,2104,2066,2075
2047,2049,2054,2045,2035,2099,2068,2070
2050,2042,2043,2041,2037,2038,2055,2062
2046,2043,2036,2031,2015,1979,2045,2061
2043,2036,2037,2022,2038,2010,2047,2070
2046,2034,2035,2037,2061,2063,2072,2057
2045,2043,2035,2039,2064,2089,2068,2057
2053,2040,2047,2042,2072,2096,2071,2051
2054,2049,2048,2048,2078,2099,2086,2045
2064,2053,2053,2056,2087,2101,2079,2041
2058,2053,2050,2050,2067,2093,2047,2026
2052,2053,2045,2043,2026,2062,2040,2022
2050,2048,2042,2041,2016,2009,2041,2023
2052,2049,2043,2047,2026,1974,2027,2026
2051,2048,2043,2042,2036,1978,2046,2021
2052,2049,2044,2040,2037,1976,2045,2018
2051,2044,2045,2039,2033,1985,2045,2025
2051,2052,2050,2048,2045,2013,2049,2024
2053,2054,2055,2056,2048,2037,2036,2029
2059,2054,2055,2055,2049,2038,2052,2030
2059,2047,2048,2053,2062,2043,2059,2033
2056,2048,2053,2052,2055,2042,2066,2032
2051,2047,2048,2050,2052,2044,2060,2034
2050,2049,2056,2060,2058,2053,2071,2047
2054,2045,2052,2060,2055,2056,2065,2049
2056,2049,2054,2056,2040,2068,2066,2060
2056,2040,2053,2047,2045,2074,2057,2068
2053,2037,2051,2050,2049,2091,2066,2068
2046,2033,2049,2047,2051,2112,2074,2074
2046,2036,2048,2046,2045,2140,2070,2071
2041,2030,2041,2036,2040,2102,2066,2062
2037,2027,2033,2029,2029,2012,2043,2062
2033,2018,2027,2038,2051,1949,2037,2072
2032,2026,2035,2042,2056,1980,2019,2072
2043,2042,2043,2043,2038,2006,2031,2074
2047,2042,2041,2048,2033,2017,2050,2071
2045,2045,2046,2043,2033,2033,2049,2072
2046,2045,2042,2047,2041,2042,2050,2067
2048,2042,2044,2048,2043,2052,2060,2062
2053,2048,2046,2049,2041,2058,2066,2055
2054,2050,2050,2053,2017,2068,2066,2048
2056,2051,2053,2058,2041,2065,2068,2045
2064,2049,2054,2059,2035,2058,2062,2046
2064,2051,2049,2056,2023,2062,2068,2037
2057,2049,2048,2052,2004,2061,2069,2033
2055,2049,2046,2051,2010,2064,2058,2035
2060,2044,2043,2048,2009,2055,2056,2035
2064,2044,2038,2028,1979,2032,2058,2032
2063,2047,2032,2021,1999,2029,2054,2025
2051,2038,2038,2032,2003,2031,2044,2029
2056,2042,2036,2040,2011,2040,2054,2028
2057,2052,2044,2045,2033,2045,2044,2036
2063,2047,2052,2050,2058,2046,2047,2029
2060,2045,2051,2048,2070,2031,2040,2031
2055,2042,2042,2049,2055,2009,2047,2028
2055,2039,2048,2056,2023,2001,2045,2022
2045,2042,2046,2039,2018,1999,2032,2022
2039,2040,2042,2033,2045,2003,2045,2036
2044,2042,2046,2054,2101,2038,2052,2054
2049,2049,2049,2053,2096,2062,2053,2061
2050,2053,2049,2056,2069,2065,2065,2064
2052,2052,2048,2047,2051,2057,2036,2071
2055,2055,2047,2046,2042,2062,2047,2080
2060,2053,2050,2047,2040,2070,2074,2079
2054,2052,2052,2056,2034,2048,2058,2075
2045,2043,2043,2041,2015,2001,2034,2070
2039,2035,2037,2035,2040,2000,2038,2074
2045,2041,2044,2044,2060,2014,2041,2078
2054,2052,2046,2044,2026,2016,2047,2080
2060,2060,2055,2044,2013,2026,2056,2077
2059,2061,2054,2041,2016,2035,2049,2070
2064,2065,2054,2043,2048,2038,2053,2061
2061,2057,2052,2045,2038,2032,2051,2057
2054,2059,2049,2041,2051,2036,2044,2045
2056,2054,2047,2040,2058,2049,2056,2044
2058,2049,2045,2048,2071,2065,2073,2039
2049,2048,2042,2052,2056,2072,2064,2041
2056,2046,2040,2046,2053,2069,2062,2041
2064,2045,2044,2050,2051,2065,2056,2037
2058,2046,2043,2050,2052,2057,2058,2042
2060,2047,2045,2048,2046,2047,2039,2036
2060,2044,2046,2038,2029,2023,2031,2028
2055,2041,2041,2037,2018,2026,2026,2029
2046,2036,2045,2043,2017,2020,2029,2029
2057,2049,2051,2039,2018,2016,2020,2032
2055,2046,2053,2032,2031,2010,2044,2034
2067,2048,2053,2042,2058,2031,2054,2041
2065,2052,2055,2050,2066,2053,2036,2044
2062,2050,2060,2050,2077,2070,2046,2043
2065,2055,2058,2064,2134,2074,2059,2046
2060,2058,2061,2065,2150,2067,2052,2043
2059,2051,2056,2060,2132,2043,2048,2046
2056,2052,2054,2039,2114,2016,2038,2044
2052,2051,2053,2024,2039,1997,2037,2046
2049,2049,2052,2029,1990,2024,2044,2054
2060,2051,2055,2039,1983,2051,2069,2059
2054,2053,2044,2040,2006,2085,2077,2067
2054,2053,2046,2038,2024,2097,2076,2074
